cbsa_code,cbsa_name,fiscal_year,fmr_2br,dq_flag
12060,Atlanta-Sandy Springs-Alpharetta,2000,852,
12060,Atlanta-Sandy Springs-Alpharetta,2001,837,
12060,Atlanta-Sandy Springs-Alpharetta,2002,930,
12060,Atlanta-Sandy Springs-Alpharetta,2003,958,
12060,Atlanta-Sandy Springs-Alpharetta,2004,934,
12060,Atlanta-Sandy Springs-Alpharetta,2005,953,
12060,Atlanta-Sandy Springs-Alpharetta,2006,972,
12060,Atlanta-Sandy Springs-Alpharetta,2007,1026,
12060,Atlanta-Sandy Springs-Alpharetta,2008,1038,
12060,Atlanta-Sandy Springs-Alpharetta,2009,1090,
12060,Atlanta-Sandy Springs-Alpharetta,2010,1063,
12060,Atlanta-Sandy Springs-Alpharetta,2011,1055,
12060,Atlanta-Sandy Springs-Alpharetta,2012,1115,
12060,Atlanta-Sandy Springs-Alpharetta,2013,1163,
12060,Atlanta-Sandy Springs-Alpharetta,2014,1226,
12060,Atlanta-Sandy Springs-Alpharetta,2015,1245,
12060,Atlanta-Sandy Springs-Alpharetta,2016,1313,
12060,Atlanta-Sandy Springs-Alpharetta,2017,1256,
12060,Atlanta-Sandy Springs-Alpharetta,2018,1352,
12060,Atlanta-Sandy Springs-Alpharetta,2019,1400,
12060,Atlanta-Sandy Springs-Alpharetta,2020,1385,
12060,Atlanta-Sandy Springs-Alpharetta,2021,1412,
12060,Atlanta-Sandy Springs-Alpharetta,2022,1449,
12060,Atlanta-Sandy Springs-Alpharetta,2023,1507,
12060,Atlanta-Sandy Springs-Alpharetta,2024,1562,
12060,Atlanta-Sandy Springs-Alpharetta,2025,1531,
12420,Austin-Round Rock-Georgetown,2000,978,
12420,Austin-Round Rock-Georgetown,2001,927,
12420,Austin-Round Rock-Georgetown,2002,1002,
12420,Austin-Round Rock-Georgetown,2003,1112,
12420,Austin-Round Rock-Georgetown,2004,1067,
12420,Austin-Round Rock-Georgetown,2005,1107,
12420,Austin-Round Rock-Georgetown,2006,1122,
12420,Austin-Round Rock-Georgetown,2007,1162,
12420,Austin-Round Rock-Georgetown,2008,1158,
12420,Austin-Round Rock-Georgetown,2009,1209,
12420,Austin-Round Rock-Georgetown,2010,1196,
12420,Austin-Round Rock-Georgetown,2011,1301,
12420,Austin-Round Rock-Georgetown,2012,1276,
12420,Austin-Round Rock-Georgetown,2013,1329,
12420,Austin-Round Rock-Georgetown,2014,1321,
12420,Austin-Round Rock-Georgetown,2015,1350,
12420,Austin-Round Rock-Georgetown,2016,1484,
12420,Austin-Round Rock-Georgetown,2017,1522,
12420,Austin-Round Rock-Georgetown,2018,1488,
12420,Austin-Round Rock-Georgetown,2019,1542,
12420,Austin-Round Rock-Georgetown,2020,1552,
12420,Austin-Round Rock-Georgetown,2021,1663,
12420,Austin-Round Rock-Georgetown,2022,1616,
12420,Austin-Round Rock-Georgetown,2023,1721,
12420,Austin-Round Rock-Georgetown,2024,1816,
12420,Austin-Round Rock-Georgetown,2025,1694,
13820,Birmingham-Hoover,2000,599,
13820,Birmingham-Hoover,2001,644,
13820,Birmingham-Hoover,2002,650,
13820,Birmingham-Hoover,2003,665,
13820,Birmingham-Hoover,2004,664,
13820,Birmingham-Hoover,2005,689,
13820,Birmingham-Hoover,2006,687,
13820,Birmingham-Hoover,2007,699,
13820,Birmingham-Hoover,2008,767,
13820,Birmingham-Hoover,2009,763,
13820,Birmingham-Hoover,2010,770,
13820,Birmingham-Hoover,2011,807,
13820,Birmingham-Hoover,2012,822,
13820,Birmingham-Hoover,2013,859,
13820,Birmingham-Hoover,2014,932,
13820,Birmingham-Hoover,2015,872,
13820,Birmingham-Hoover,2016,899,
13820,Birmingham-Hoover,2017,935,
13820,Birmingham-Hoover,2018,987,
13820,Birmingham-Hoover,2019,996,
13820,Birmingham-Hoover,2020,925,
13820,Birmingham-Hoover,2021,917,
13820,Birmingham-Hoover,2022,989,
13820,Birmingham-Hoover,2023,1074,
13820,Birmingham-Hoover,2024,1144,
13820,Birmingham-Hoover,2025,1091,
14460,Boston-Cambridge-Newton,2000,1109,
14460,Boston-Cambridge-Newton,2001,1098,
14460,Boston-Cambridge-Newton,2002,1109,
14460,Boston-Cambridge-Newton,2003,1200,
14460,Boston-Cambridge-Newton,2004,1273,
14460,Boston-Cambridge-Newton,2005,1332,
14460,Boston-Cambridge-Newton,2006,1278,
14460,Boston-Cambridge-Newton,2007,1279,
14460,Boston-Cambridge-Newton,2008,1363,
14460,Boston-Cambridge-Newton,2009,1356,
14460,Boston-Cambridge-Newton,2010,1387,
14460,Boston-Cambridge-Newton,2011,1404,
14460,Boston-Cambridge-Newton,2012,1527,
14460,Boston-Cambridge-Newton,2013,1490,
14460,Boston-Cambridge-Newton,2014,1601,
14460,Boston-Cambridge-Newton,2015,1556,
14460,Boston-Cambridge-Newton,2016,1742,
14460,Boston-Cambridge-Newton,2017,1736,
14460,Boston-Cambridge-Newton,2018,1756,
14460,Boston-Cambridge-Newton,2019,1839,
14460,Boston-Cambridge-Newton,2020,1855,
14460,Boston-Cambridge-Newton,2021,1967,
14460,Boston-Cambridge-Newton,2022,1969,
14460,Boston-Cambridge-Newton,2023,2117,
14460,Boston-Cambridge-Newton,2024,2041,
14460,Boston-Cambridge-Newton,2025,2038,
14860,Bridgeport-Stamford-Norwalk,2000,1157,
14860,Bridgeport-Stamford-Norwalk,2001,1207,
14860,Bridgeport-Stamford-Norwalk,2002,1123,
14860,Bridgeport-Stamford-Norwalk,2003,1180,
14860,Bridgeport-Stamford-Norwalk,2004,1316,
14860,Bridgeport-Stamford-Norwalk,2005,1239,
14860,Bridgeport-Stamford-Norwalk,2006,1249,
14860,Bridgeport-Stamford-Norwalk,2007,1320,
14860,Bridgeport-Stamford-Norwalk,2008,1301,
14860,Bridgeport-Stamford-Norwalk,2009,1411,
14860,Bridgeport-Stamford-Norwalk,2010,1451,
14860,Bridgeport-Stamford-Norwalk,2011,1399,
14860,Bridgeport-Stamford-Norwalk,2012,1496,
14860,Bridgeport-Stamford-Norwalk,2013,1554,
14860,Bridgeport-Stamford-Norwalk,2014,1498,
14860,Bridgeport-Stamford-Norwalk,2015,1650,
14860,Bridgeport-Stamford-Norwalk,2016,1604,
14860,Bridgeport-Stamford-Norwalk,2017,1654,
14860,Bridgeport-Stamford-Norwalk,2018,1737,
14860,Bridgeport-Stamford-Norwalk,2019,1884,
14860,Bridgeport-Stamford-Norwalk,2020,1896,
14860,Bridgeport-Stamford-Norwalk,2021,1901,
14860,Bridgeport-Stamford-Norwalk,2022,1929,
14860,Bridgeport-Stamford-Norwalk,2023,1887,
14860,Bridgeport-Stamford-Norwalk,2024,2050,
14860,Bridgeport-Stamford-Norwalk,2025,2090,
15380,Buffalo-Cheektowaga,2000,638,
15380,Buffalo-Cheektowaga,2001,689,
15380,Buffalo-Cheektowaga,2002,676,
15380,Buffalo-Cheektowaga,2003,682,
15380,Buffalo-Cheektowaga,2004,725,
15380,Buffalo-Cheektowaga,2005,751,
15380,Buffalo-Cheektowaga,2006,741,
15380,Buffalo-Cheektowaga,2007,764,
15380,Buffalo-Cheektowaga,2008,805,
15380,Buffalo-Cheektowaga,2009,821,
15380,Buffalo-Cheektowaga,2010,898,
15380,Buffalo-Cheektowaga,2011,850,
15380,Buffalo-Cheektowaga,2012,868,
15380,Buffalo-Cheektowaga,2013,878,
15380,Buffalo-Cheektowaga,2014,941,
15380,Buffalo-Cheektowaga,2015,965,
15380,Buffalo-Cheektowaga,2016,996,
15380,Buffalo-Cheektowaga,2017,1007,
15380,Buffalo-Cheektowaga,2018,1044,
15380,Buffalo-Cheektowaga,2019,1079,
15380,Buffalo-Cheektowaga,2020,1112,
15380,Buffalo-Cheektowaga,2021,1057,
15380,Buffalo-Cheektowaga,2022,1163,
15380,Buffalo-Cheektowaga,2023,1101,
15380,Buffalo-Cheektowaga,2024,1219,
15380,Buffalo-Cheektowaga,2025,1198,
16740,Charlotte-Concord-Gastonia,2000,725,
16740,Charlotte-Concord-Gastonia,2001,765,
16740,Charlotte-Concord-Gastonia,2002,713,
16740,Charlotte-Concord-Gastonia,2003,775,
16740,Charlotte-Concord-Gastonia,2004,797,
16740,Charlotte-Concord-Gastonia,2005,794,
16740,Charlotte-Concord-Gastonia,2006,809,
16740,Charlotte-Concord-Gastonia,2007,823,
16740,Charlotte-Concord-Gastonia,2008,903,
16740,Charlotte-Concord-Gastonia,2009,851,
16740,Charlotte-Concord-Gastonia,2010,870,
16740,Charlotte-Concord-Gastonia,2011,976,
16740,Charlotte-Concord-Gastonia,2012,962,
16740,Charlotte-Concord-Gastonia,2013,1013,
16740,Charlotte-Concord-Gastonia,2014,1029,
16740,Charlotte-Concord-Gastonia,2015,1025,
16740,Charlotte-Concord-Gastonia,2016,1018,
16740,Charlotte-Concord-Gastonia,2017,1118,
16740,Charlotte-Concord-Gastonia,2018,1136,
16740,Charlotte-Concord-Gastonia,2019,1130,
16740,Charlotte-Concord-Gastonia,2020,1229,
16740,Charlotte-Concord-Gastonia,2021,1199,
16740,Charlotte-Concord-Gastonia,2022,1209,
16740,Charlotte-Concord-Gastonia,2023,1267,
16740,Charlotte-Concord-Gastonia,2024,1273,
16740,Charlotte-Concord-Gastonia,2025,1220,
16980,Chicago-Naperville-Elgin,2000,837,
16980,Chicago-Naperville-Elgin,2001,873,
16980,Chicago-Naperville-Elgin,2002,908,
16980,Chicago-Naperville-Elgin,2003,963,
16980,Chicago-Naperville-Elgin,2004,907,
16980,Chicago-Naperville-Elgin,2005,919,
16980,Chicago-Naperville-Elgin,2006,998,
16980,Chicago-Naperville-Elgin,2007,969,
16980,Chicago-Naperville-Elgin,2008,1033,
16980,Chicago-Naperville-Elgin,2009,1063,
16980,Chicago-Naperville-Elgin,2010,1164,
16980,Chicago-Naperville-Elgin,2011,1173,
16980,Chicago-Naperville-Elgin,2012,1118,
16980,Chicago-Naperville-Elgin,2013,1114,
16980,Chicago-Naperville-Elgin,2014,1203,
16980,Chicago-Naperville-Elgin,2015,1251,
16980,Chicago-Naperville-Elgin,2016,1266,
16980,Chicago-Naperville-Elgin,2017,1234,
16980,Chicago-Naperville-Elgin,2018,1348,
16980,Chicago-Naperville-Elgin,2019,1326,
16980,Chicago-Naperville-Elgin,2020,1449,
16980,Chicago-Naperville-Elgin,2021,1459,
16980,Chicago-Naperville-Elgin,2022,1478,
16980,Chicago-Naperville-Elgin,2023,1504,
16980,Chicago-Naperville-Elgin,2024,1632,
16980,Chicago-Naperville-Elgin,2025,1553,
17460,Cincinnati,2000,726,
17460,Cincinnati,2001,737,
17460,Cincinnati,2002,800,
17460,Cincinnati,2003,811,
17460,Cincinnati,2004,851,
17460,Cincinnati,2005,900,
17460,Cincinnati,2006,859,
17460,Cincinnati,2007,930,
17460,Cincinnati,2008,932,
17460,Cincinnati,2009,982,
17460,Cincinnati,2010,934,
17460,Cincinnati,2011,1055,
17460,Cincinnati,2012,1015,
17460,Cincinnati,2013,1089,
17460,Cincinnati,2014,1092,
17460,Cincinnati,2015,1131,
17460,Cincinnati,2016,1104,
17460,Cincinnati,2017,1145,
17460,Cincinnati,2018,1157,
17460,Cincinnati,2019,1271,
17460,Cincinnati,2020,1256,
17460,Cincinnati,2021,1258,
17460,Cincinnati,2022,1328,
17460,Cincinnati,2023,1383,
17460,Cincinnati,2024,1321,
17460,Cincinnati,2025,1438,
18140,Columbus,2000,744,
18140,Columbus,2001,717,
18140,Columbus,2002,790,
18140,Columbus,2003,752,
18140,Columbus,2004,849,
18140,Columbus,2005,811,
18140,Columbus,2006,817,
18140,Columbus,2007,867,
18140,Columbus,2008,885,
18140,Columbus,2009,889,
18140,Columbus,2010,925,
18140,Columbus,2011,970,
18140,Columbus,2012,1000,
18140,Columbus,2013,1045,
18140,Columbus,2014,998,
18140,Columbus,2015,1086,
18140,Columbus,2016,1079,
18140,Columbus,2017,1165,
18140,Columbus,2018,1142,
18140,Columbus,2019,1149,
18140,Columbus,2020,1180,
18140,Columbus,2021,1185,
18140,Columbus,2022,1260,
18140,Columbus,2023,1281,
18140,Columbus,2024,1295,
18140,Columbus,2025,1347,
19100,Dallas-Fort Worth-Arlington,2000,818,
19100,Dallas-Fort Worth-Arlington,2001,887,
19100,Dallas-Fort Worth-Arlington,2002,863,
19100,Dallas-Fort Worth-Arlington,2003,959,
19100,Dallas-Fort Worth-Arlington,2004,914,
19100,Dallas-Fort Worth-Arlington,2005,952,
19100,Dallas-Fort Worth-Arlington,2006,954,
19100,Dallas-Fort Worth-Arlington,2007,1031,
19100,Dallas-Fort Worth-Arlington,2008,1085,
19100,Dallas-Fort Worth-Arlington,2009,1074,
19100,Dallas-Fort Worth-Arlington,2010,1060,
19100,Dallas-Fort Worth-Arlington,2011,1130,
19100,Dallas-Fort Worth-Arlington,2012,1133,
19100,Dallas-Fort Worth-Arlington,2013,1227,
19100,Dallas-Fort Worth-Arlington,2014,1247,
19100,Dallas-Fort Worth-Arlington,2015,1255,
19100,Dallas-Fort Worth-Arlington,2016,1309,
19100,Dallas-Fort Worth-Arlington,2017,1295,
19100,Dallas-Fort Worth-Arlington,2018,1433,
19100,Dallas-Fort Worth-Arlington,2019,1324,
19100,Dallas-Fort Worth-Arlington,2020,1416,
19100,Dallas-Fort Worth-Arlington,2021,1474,
19100,Dallas-Fort Worth-Arlington,2022,1510,
19100,Dallas-Fort Worth-Arlington,2023,1568,
19100,Dallas-Fort Worth-Arlington,2024,1479,
19100,Dallas-Fort Worth-Arlington,2025,1577,
19740,Denver-Aurora-Lakewood,2000,935,
19740,Denver-Aurora-Lakewood,2001,966,
19740,Denver-Aurora-Lakewood,2002,960,
19740,Denver-Aurora-Lakewood,2003,1013,
19740,Denver-Aurora-Lakewood,2004,1046,
19740,Denver-Aurora-Lakewood,2005,1115,
19740,Denver-Aurora-Lakewood,2006,1126,
19740,Denver-Aurora-Lakewood,2007,1132,
19740,Denver-Aurora-Lakewood,2008,1190,
19740,Denver-Aurora-Lakewood,2009,1122,
19740,Denver-Aurora-Lakewood,2010,1224,
19740,Denver-Aurora-Lakewood,2011,1298,
19740,Denver-Aurora-Lakewood,2012,1241,
19740,Denver-Aurora-Lakewood,2013,1340,
19740,Denver-Aurora-Lakewood,2014,1353,
19740,Denver-Aurora-Lakewood,2015,1382,
19740,Denver-Aurora-Lakewood,2016,1429,
19740,Denver-Aurora-Lakewood,2017,1505,
19740,Denver-Aurora-Lakewood,2018,1502,
19740,Denver-Aurora-Lakewood,2019,1571,
19740,Denver-Aurora-Lakewood,2020,1599,
19740,Denver-Aurora-Lakewood,2021,1557,
19740,Denver-Aurora-Lakewood,2022,1654,
19740,Denver-Aurora-Lakewood,2023,1773,
19740,Denver-Aurora-Lakewood,2024,1742,
19740,Denver-Aurora-Lakewood,2025,1719,
24340,Grand Rapids-Kentwood,2000,732,
24340,Grand Rapids-Kentwood,2001,739,
24340,Grand Rapids-Kentwood,2002,781,
24340,Grand Rapids-Kentwood,2003,787,
24340,Grand Rapids-Kentwood,2004,778,
24340,Grand Rapids-Kentwood,2005,814,
24340,Grand Rapids-Kentwood,2006,848,
24340,Grand Rapids-Kentwood,2007,907,
24340,Grand Rapids-Kentwood,2008,875,
24340,Grand Rapids-Kentwood,2009,956,
24340,Grand Rapids-Kentwood,2010,923,
24340,Grand Rapids-Kentwood,2011,962,
24340,Grand Rapids-Kentwood,2012,988,
24340,Grand Rapids-Kentwood,2013,993,
24340,Grand Rapids-Kentwood,2014,1031,
24340,Grand Rapids-Kentwood,2015,1078,
24340,Grand Rapids-Kentwood,2016,1044,
24340,Grand Rapids-Kentwood,2017,1155,
24340,Grand Rapids-Kentwood,2018,1118,
24340,Grand Rapids-Kentwood,2019,1188,
24340,Grand Rapids-Kentwood,2020,1220,
24340,Grand Rapids-Kentwood,2021,1171,
24340,Grand Rapids-Kentwood,2022,1303,
24340,Grand Rapids-Kentwood,2023,1287,
24340,Grand Rapids-Kentwood,2024,1363,
24340,Grand Rapids-Kentwood,2025,1339,
25540,Hartford-East Hartford-Middletown,2000,813,
25540,Hartford-East Hartford-Middletown,2001,836,
25540,Hartford-East Hartford-Middletown,2002,866,
25540,Hartford-East Hartford-Middletown,2003,894,
25540,Hartford-East Hartford-Middletown,2004,896,
25540,Hartford-East Hartford-Middletown,2005,902,
25540,Hartford-East Hartford-Middletown,2006,962,
25540,Hartford-East Hartford-Middletown,2007,1047,
25540,Hartford-East Hartford-Middletown,2008,1071,
25540,Hartford-East Hartford-Middletown,2009,1114,
25540,Hartford-East Hartford-Middletown,2010,1058,
25540,Hartford-East Hartford-Middletown,2011,1175,
25540,Hartford-East Hartford-Middletown,2012,1079,
25540,Hartford-East Hartford-Middletown,2013,1100,
25540,Hartford-East Hartford-Middletown,2014,1152,
25540,Hartford-East Hartford-Middletown,2015,1259,
25540,Hartford-East Hartford-Middletown,2016,1251,
25540,Hartford-East Hartford-Middletown,2017,1320,
25540,Hartford-East Hartford-Middletown,2018,1271,
25540,Hartford-East Hartford-Middletown,2019,1355,
25540,Hartford-East Hartford-Middletown,2020,1393,
25540,Hartford-East Hartford-Middletown,2021,1382,
25540,Hartford-East Hartford-Middletown,2022,1364,
25540,Hartford-East Hartford-Middletown,2023,1539,
25540,Hartford-East Hartford-Middletown,2024,1585,
25540,Hartford-East Hartford-Middletown,2025,1580,
26420,Houston-The Woodlands-Sugar Land,2000,798,
26420,Houston-The Woodlands-Sugar Land,2001,776,
26420,Houston-The Woodlands-Sugar Land,2002,815,
26420,Houston-The Woodlands-Sugar Land,2003,906,
26420,Houston-The Woodlands-Sugar Land,2004,876,
26420,Houston-The Woodlands-Sugar Land,2005,871,
26420,Houston-The Woodlands-Sugar Land,2006,931,
26420,Houston-The Woodlands-Sugar Land,2007,970,
26420,Houston-The Woodlands-Sugar Land,2008,964,
26420,Houston-The Woodlands-Sugar Land,2009,1005,
26420,Houston-The Woodlands-Sugar Land,2010,995,
26420,Houston-The Woodlands-Sugar Land,2011,1014,
26420,Houston-The Woodlands-Sugar Land,2012,1059,
26420,Houston-The Woodlands-Sugar Land,2013,1083,
26420,Houston-The Woodlands-Sugar Land,2014,1070,
26420,Houston-The Woodlands-Sugar Land,2015,1150,
26420,Houston-The Woodlands-Sugar Land,2016,1130,
26420,Houston-The Woodlands-Sugar Land,2017,1264,
26420,Houston-The Woodlands-Sugar Land,2018,1281,
26420,Houston-The Woodlands-Sugar Land,2019,1255,
26420,Houston-The Woodlands-Sugar Land,2020,1309,
26420,Houston-The Woodlands-Sugar Land,2021,1341,
26420,Houston-The Woodlands-Sugar Land,2022,1405,
26420,Houston-The Woodlands-Sugar Land,2023,1482,
26420,Houston-The Woodlands-Sugar Land,2024,1412,
26420,Houston-The Woodlands-Sugar Land,2025,1547,
26900,Indianapolis-Carmel-Anderson,2000,708,
26900,Indianapolis-Carmel-Anderson,2001,698,
26900,Indianapolis-Carmel-Anderson,2002,739,
26900,Indianapolis-Carmel-Anderson,2003,797,
26900,Indianapolis-Carmel-Anderson,2004,816,
26900,Indianapolis-Carmel-Anderson,2005,803,
26900,Indianapolis-Carmel-Anderson,2006,810,
26900,Indianapolis-Carmel-Anderson,2007,811,
26900,Indianapolis-Carmel-Anderson,2008,839,
26900,Indianapolis-Carmel-Anderson,2009,852,
26900,Indianapolis-Carmel-Anderson,2010,897,
26900,Indianapolis-Carmel-Anderson,2011,916,
26900,Indianapolis-Carmel-Anderson,2012,953,
26900,Indianapolis-Carmel-Anderson,2013,914,
26900,Indianapolis-Carmel-Anderson,2014,1013,
26900,Indianapolis-Carmel-Anderson,2015,1003,
26900,Indianapolis-Carmel-Anderson,2016,976,
26900,Indianapolis-Carmel-Anderson,2017,1113,
26900,Indianapolis-Carmel-Anderson,2018,1068,
26900,Indianapolis-Carmel-Anderson,2019,1142,
26900,Indianapolis-Carmel-Anderson,2020,1211,
26900,Indianapolis-Carmel-Anderson,2021,1222,
26900,Indianapolis-Carmel-Anderson,2022,1225,
26900,Indianapolis-Carmel-Anderson,2023,1245,
26900,Indianapolis-Carmel-Anderson,2024,1321,
26900,Indianapolis-Carmel-Anderson,2025,1279,
27260,Jacksonville,2000,713,
27260,Jacksonville,2001,731,
27260,Jacksonville,2002,768,
27260,Jacksonville,2003,766,
27260,Jacksonville,2004,790,
27260,Jacksonville,2005,810,
27260,Jacksonville,2006,830,
27260,Jacksonville,2007,875,
27260,Jacksonville,2008,889,
27260,Jacksonville,2009,931,
27260,Jacksonville,2010,924,
27260,Jacksonville,2011,969,
27260,Jacksonville,2012,964,
27260,Jacksonville,2013,955,
27260,Jacksonville,2014,1004,
27260,Jacksonville,2015,1053,
27260,Jacksonville,2016,1043,
27260,Jacksonville,2017,1147,
27260,Jacksonville,2018,1127,
27260,Jacksonville,2019,1188,
27260,Jacksonville,2020,1195,
27260,Jacksonville,2021,1201,
27260,Jacksonville,2022,1334,
27260,Jacksonville,2023,1241,
27260,Jacksonville,2024,1352,
27260,Jacksonville,2025,1442,
28140,Kansas City,2000,754,
28140,Kansas City,2001,770,
28140,Kansas City,2002,825,
28140,Kansas City,2003,881,
28140,Kansas City,2004,825,
28140,Kansas City,2005,840,
28140,Kansas City,2006,904,
28140,Kansas City,2007,875,
28140,Kansas City,2008,961,
28140,Kansas City,2009,954,
28140,Kansas City,2010,1005,
28140,Kansas City,2011,973,
28140,Kansas City,2012,996,
28140,Kansas City,2013,1056,
28140,Kansas City,2014,1042,
28140,Kansas City,2015,1133,
28140,Kansas City,2016,1139,
28140,Kansas City,2017,1133,
28140,Kansas City,2018,1156,
28140,Kansas City,2019,1276,
28140,Kansas City,2020,1235,
28140,Kansas City,2021,1252,
28140,Kansas City,2022,1340,
28140,Kansas City,2023,1311,
28140,Kansas City,2024,1346,
28140,Kansas City,2025,1422,
29820,Las Vegas-Henderson-Paradise,2000,701,
29820,Las Vegas-Henderson-Paradise,2001,739,
29820,Las Vegas-Henderson-Paradise,2002,733,
29820,Las Vegas-Henderson-Paradise,2003,797,
29820,Las Vegas-Henderson-Paradise,2004,761,
29820,Las Vegas-Henderson-Paradise,2005,751,
29820,Las Vegas-Henderson-Paradise,2006,793,
29820,Las Vegas-Henderson-Paradise,2007,809,
29820,Las Vegas-Henderson-Paradise,2008,878,
29820,Las Vegas-Henderson-Paradise,2009,902,
29820,Las Vegas-Henderson-Paradise,2010,839,
29820,Las Vegas-Henderson-Paradise,2011,945,
29820,Las Vegas-Henderson-Paradise,2012,945,
29820,Las Vegas-Henderson-Paradise,2013,902,
29820,Las Vegas-Henderson-Paradise,2014,1054,
29820,Las Vegas-Henderson-Paradise,2015,1003,
29820,Las Vegas-Henderson-Paradise,2016,1030,
29820,Las Vegas-Henderson-Paradise,2017,1099,
29820,Las Vegas-Henderson-Paradise,2018,1204,
29820,Las Vegas-Henderson-Paradise,2019,1107,
29820,Las Vegas-Henderson-Paradise,2020,1159,
29820,Las Vegas-Henderson-Paradise,2021,1194,
29820,Las Vegas-Henderson-Paradise,2022,1200,
29820,Las Vegas-Henderson-Paradise,2023,1297,
29820,Las Vegas-Henderson-Paradise,2024,1311,
29820,Las Vegas-Henderson-Paradise,2025,1366,
31080,Los Angeles-Long Beach-Anaheim,2000,953,
31080,Los Angeles-Long Beach-Anaheim,2001,920,
31080,Los Angeles-Long Beach-Anaheim,2002,966,
31080,Los Angeles-Long Beach-Anaheim,2003,975,
31080,Los Angeles-Long Beach-Anaheim,2004,1087,
31080,Los Angeles-Long Beach-Anaheim,2005,1062,
31080,Los Angeles-Long Beach-Anaheim,2006,1089,
31080,Los Angeles-Long Beach-Anaheim,2007,1085,
31080,Los Angeles-Long Beach-Anaheim,2008,1145,
31080,Los Angeles-Long Beach-Anaheim,2009,1154,
31080,Los Angeles-Long Beach-Anaheim,2010,1250,
31080,Los Angeles-Long Beach-Anaheim,2011,1239,
31080,Los Angeles-Long Beach-Anaheim,2012,1303,
31080,Los Angeles-Long Beach-Anaheim,2013,1340,
31080,Los Angeles-Long Beach-Anaheim,2014,1208,
31080,Los Angeles-Long Beach-Anaheim,2015,1392,
31080,Los Angeles-Long Beach-Anaheim,2016,1331,
31080,Los Angeles-Long Beach-Anaheim,2017,1471,
31080,Los Angeles-Long Beach-Anaheim,2018,1475,
31080,Los Angeles-Long Beach-Anaheim,2019,1487,
31080,Los Angeles-Long Beach-Anaheim,2020,1598,
31080,Los Angeles-Long Beach-Anaheim,2021,1567,
31080,Los Angeles-Long Beach-Anaheim,2022,1633,
31080,Los Angeles-Long Beach-Anaheim,2023,1711,
31080,Los Angeles-Long Beach-Anaheim,2024,1765,
31080,Los Angeles-Long Beach-Anaheim,2025,1687,
31140,Louisville/Jefferson County,2000,647,
31140,Louisville/Jefferson County,2001,722,
31140,Louisville/Jefferson County,2002,714,
31140,Louisville/Jefferson County,2003,720,
31140,Louisville/Jefferson County,2004,737,
31140,Louisville/Jefferson County,2005,742,
31140,Louisville/Jefferson County,2006,821,
31140,Louisville/Jefferson County,2007,758,
31140,Louisville/Jefferson County,2008,822,
31140,Louisville/Jefferson County,2009,867,
31140,Louisville/Jefferson County,2010,846,
31140,Louisville/Jefferson County,2011,856,
31140,Louisville/Jefferson County,2012,922,
31140,Louisville/Jefferson County,2013,915,
31140,Louisville/Jefferson County,2014,997,
31140,Louisville/Jefferson County,2015,965,
31140,Louisville/Jefferson County,2016,978,
31140,Louisville/Jefferson County,2017,1041,
31140,Louisville/Jefferson County,2018,1042,
31140,Louisville/Jefferson County,2019,1045,
31140,Louisville/Jefferson County,2020,1148,
31140,Louisville/Jefferson County,2021,1097,
31140,Louisville/Jefferson County,2022,1175,
31140,Louisville/Jefferson County,2023,1151,
31140,Louisville/Jefferson County,2024,1198,
31140,Louisville/Jefferson County,2025,1279,
32820,Memphis,2000,600,
32820,Memphis,2001,604,
32820,Memphis,2002,641,
32820,Memphis,2003,684,
32820,Memphis,2004,698,
32820,Memphis,2005,681,
32820,Memphis,2006,702,
32820,Memphis,2007,728,
32820,Memphis,2008,749,
32820,Memphis,2009,740,
32820,Memphis,2010,815,
32820,Memphis,2011,834,
32820,Memphis,2012,846,
32820,Memphis,2013,819,
32820,Memphis,2014,839,
32820,Memphis,2015,898,
32820,Memphis,2016,929,
32820,Memphis,2017,918,
32820,Memphis,2018,930,
32820,Memphis,2019,1000,
32820,Memphis,2020,976,
32820,Memphis,2021,1044,
32820,Memphis,2022,1066,
32820,Memphis,2023,1074,
32820,Memphis,2024,1074,
32820,Memphis,2025,1137,
33100,Miami-Fort Lauderdale-Pompano Beach,2000,734,
33100,Miami-Fort Lauderdale-Pompano Beach,2001,739,
33100,Miami-Fort Lauderdale-Pompano Beach,2002,767,
33100,Miami-Fort Lauderdale-Pompano Beach,2003,763,
33100,Miami-Fort Lauderdale-Pompano Beach,2004,796,
33100,Miami-Fort Lauderdale-Pompano Beach,2005,846,
33100,Miami-Fort Lauderdale-Pompano Beach,2006,870,
33100,Miami-Fort Lauderdale-Pompano Beach,2007,854,
33100,Miami-Fort Lauderdale-Pompano Beach,2008,819,
33100,Miami-Fort Lauderdale-Pompano Beach,2009,937,
33100,Miami-Fort Lauderdale-Pompano Beach,2010,914,
33100,Miami-Fort Lauderdale-Pompano Beach,2011,995,
33100,Miami-Fort Lauderdale-Pompano Beach,2012,1012,
33100,Miami-Fort Lauderdale-Pompano Beach,2013,984,
33100,Miami-Fort Lauderdale-Pompano Beach,2014,1065,
33100,Miami-Fort Lauderdale-Pompano Beach,2015,1071,
33100,Miami-Fort Lauderdale-Pompano Beach,2016,1118,
33100,Miami-Fort Lauderdale-Pompano Beach,2017,1185,
33100,Miami-Fort Lauderdale-Pompano Beach,2018,1096,
33100,Miami-Fort Lauderdale-Pompano Beach,2019,1152,
33100,Miami-Fort Lauderdale-Pompano Beach,2020,1193,
33100,Miami-Fort Lauderdale-Pompano Beach,2021,1255,
33100,Miami-Fort Lauderdale-Pompano Beach,2022,1225,
33100,Miami-Fort Lauderdale-Pompano Beach,2023,1325,
33100,Miami-Fort Lauderdale-Pompano Beach,2024,1313,
33100,Miami-Fort Lauderdale-Pompano Beach,2025,1355,
33340,Milwaukee-Waukesha,2000,698,
33340,Milwaukee-Waukesha,2001,660,
33340,Milwaukee-Waukesha,2002,652,
33340,Milwaukee-Waukesha,2003,717,
33340,Milwaukee-Waukesha,2004,744,
33340,Milwaukee-Waukesha,2005,809,
33340,Milwaukee-Waukesha,2006,799,
33340,Milwaukee-Waukesha,2007,823,
33340,Milwaukee-Waukesha,2008,836,
33340,Milwaukee-Waukesha,2009,840,
33340,Milwaukee-Waukesha,2010,819,
33340,Milwaukee-Waukesha,2011,889,
33340,Milwaukee-Waukesha,2012,912,
33340,Milwaukee-Waukesha,2013,955,
33340,Milwaukee-Waukesha,2014,943,
33340,Milwaukee-Waukesha,2015,935,
33340,Milwaukee-Waukesha,2016,1029,
33340,Milwaukee-Waukesha,2017,1001,
33340,Milwaukee-Waukesha,2018,1070,
33340,Milwaukee-Waukesha,2019,1113,
33340,Milwaukee-Waukesha,2020,1040,
33340,Milwaukee-Waukesha,2021,1140,
33340,Milwaukee-Waukesha,2022,1159,
33340,Milwaukee-Waukesha,2023,1127,
33340,Milwaukee-Waukesha,2024,1247,
33340,Milwaukee-Waukesha,2025,1306,
33460,Minneapolis-St. Paul-Bloomington,2000,1018,
33460,Minneapolis-St. Paul-Bloomington,2001,1028,
33460,Minneapolis-St. Paul-Bloomington,2002,981,
33460,Minneapolis-St. Paul-Bloomington,2003,968,
33460,Minneapolis-St. Paul-Bloomington,2004,1068,
33460,Minneapolis-St. Paul-Bloomington,2005,1095,
33460,Minneapolis-St. Paul-Bloomington,2006,1104,
33460,Minneapolis-St. Paul-Bloomington,2007,1228,
33460,Minneapolis-St. Paul-Bloomington,2008,1170,
33460,Minneapolis-St. Paul-Bloomington,2009,1229,
33460,Minneapolis-St. Paul-Bloomington,2010,1259,
33460,Minneapolis-St. Paul-Bloomington,2011,1218,
33460,Minneapolis-St. Paul-Bloomington,2012,1286,
33460,Minneapolis-St. Paul-Bloomington,2013,1358,
33460,Minneapolis-St. Paul-Bloomington,2014,1356,
33460,Minneapolis-St. Paul-Bloomington,2015,1402,
33460,Minneapolis-St. Paul-Bloomington,2016,1380,
33460,Minneapolis-St. Paul-Bloomington,2017,1487,
33460,Minneapolis-St. Paul-Bloomington,2018,1485,
33460,Minneapolis-St. Paul-Bloomington,2019,1470,
33460,Minneapolis-St. Paul-Bloomington,2020,1588,
33460,Minneapolis-St. Paul-Bloomington,2021,1680,
33460,Minneapolis-St. Paul-Bloomington,2022,1628,
33460,Minneapolis-St. Paul-Bloomington,2023,1806,
33460,Minneapolis-St. Paul-Bloomington,2024,1783,
33460,Minneapolis-St. Paul-Bloomington,2025,1785,
34980,Nashville-Davidson-Murfreesboro-Franklin,2000,749,
34980,Nashville-Davidson-Murfreesboro-Franklin,2001,790,
34980,Nashville-Davidson-Murfreesboro-Franklin,2002,775,
34980,Nashville-Davidson-Murfreesboro-Franklin,2003,771,
34980,Nashville-Davidson-Murfreesboro-Franklin,2004,808,
34980,Nashville-Davidson-Murfreesboro-Franklin,2005,871,
34980,Nashville-Davidson-Murfreesboro-Franklin,2006,884,
34980,Nashville-Davidson-Murfreesboro-Franklin,2007,857,
34980,Nashville-Davidson-Murfreesboro-Franklin,2008,938,
34980,Nashville-Davidson-Murfreesboro-Franklin,2009,918,
34980,Nashville-Davidson-Murfreesboro-Franklin,2010,1046,
34980,Nashville-Davidson-Murfreesboro-Franklin,2011,1057,
34980,Nashville-Davidson-Murfreesboro-Franklin,2012,1021,
34980,Nashville-Davidson-Murfreesboro-Franklin,2013,1112,
34980,Nashville-Davidson-Murfreesboro-Franklin,2014,1016,
34980,Nashville-Davidson-Murfreesboro-Franklin,2015,1110,
34980,Nashville-Davidson-Murfreesboro-Franklin,2016,1111,
34980,Nashville-Davidson-Murfreesboro-Franklin,2017,1215,
34980,Nashville-Davidson-Murfreesboro-Franklin,2018,1259,
34980,Nashville-Davidson-Murfreesboro-Franklin,2019,1137,
34980,Nashville-Davidson-Murfreesboro-Franklin,2020,1308,
34980,Nashville-Davidson-Murfreesboro-Franklin,2021,1313,
34980,Nashville-Davidson-Murfreesboro-Franklin,2022,1303,
34980,Nashville-Davidson-Murfreesboro-Franklin,2023,1353,
34980,Nashville-Davidson-Murfreesboro-Franklin,2024,1381,
34980,Nashville-Davidson-Murfreesboro-Franklin,2025,1468,
35380,New Orleans-Metairie,2000,640,
35380,New Orleans-Metairie,2001,644,
35380,New Orleans-Metairie,2002,609,
35380,New Orleans-Metairie,2003,682,
35380,New Orleans-Metairie,2004,670,
35380,New Orleans-Metairie,2005,663,
35380,New Orleans-Metairie,2006,744,
35380,New Orleans-Metairie,2007,734,
35380,New Orleans-Metairie,2008,748,
35380,New Orleans-Metairie,2009,755,
35380,New Orleans-Metairie,2010,730,
35380,New Orleans-Metairie,2011,787,
35380,New Orleans-Metairie,2012,773,
35380,New Orleans-Metairie,2013,835,
35380,New Orleans-Metairie,2014,847,
35380,New Orleans-Metairie,2015,882,
35380,New Orleans-Metairie,2016,884,
35380,New Orleans-Metairie,2017,916,
35380,New Orleans-Metairie,2018,975,
35380,New Orleans-Metairie,2019,1009,
35380,New Orleans-Metairie,2020,978,
35380,New Orleans-Metairie,2021,1052,
35380,New Orleans-Metairie,2022,1074,
35380,New Orleans-Metairie,2023,1071,
35380,New Orleans-Metairie,2024,1143,
35380,New Orleans-Metairie,2025,1187,
35620,New York-Newark-Jersey City,2000,966,
35620,New York-Newark-Jersey City,2001,926,
35620,New York-Newark-Jersey City,2002,1043,
35620,New York-Newark-Jersey City,2003,1045,
35620,New York-Newark-Jersey City,2004,1078,
35620,New York-Newark-Jersey City,2005,1078,
35620,New York-Newark-Jersey City,2006,1137,
35620,New York-Newark-Jersey City,2007,1164,
35620,New York-Newark-Jersey City,2008,1251,
35620,New York-Newark-Jersey City,2009,1242,
35620,New York-Newark-Jersey City,2010,1288,
35620,New York-Newark-Jersey City,2011,1272,
35620,New York-Newark-Jersey City,2012,1308,
35620,New York-Newark-Jersey City,2013,1336,
35620,New York-Newark-Jersey City,2014,1278,
35620,New York-Newark-Jersey City,2015,1452,
35620,New York-Newark-Jersey City,2016,1397,
35620,New York-Newark-Jersey City,2017,1460,
35620,New York-Newark-Jersey City,2018,1513,
35620,New York-Newark-Jersey City,2019,1527,
35620,New York-Newark-Jersey City,2020,1582,
35620,New York-Newark-Jersey City,2021,1626,
35620,New York-Newark-Jersey City,2022,1735,
35620,New York-Newark-Jersey City,2023,1661,
35620,New York-Newark-Jersey City,2024,1704,
35620,New York-Newark-Jersey City,2025,1822,
36420,Oklahoma City,2000,636,
36420,Oklahoma City,2001,639,
36420,Oklahoma City,2002,670,
36420,Oklahoma City,2003,696,
36420,Oklahoma City,2004,679,
36420,Oklahoma City,2005,696,
36420,Oklahoma City,2006,678,
36420,Oklahoma City,2007,719,
36420,Oklahoma City,2008,780,
36420,Oklahoma City,2009,854,
36420,Oklahoma City,2010,832,
36420,Oklahoma City,2011,831,
36420,Oklahoma City,2012,863,
36420,Oklahoma City,2013,900,
36420,Oklahoma City,2014,903,
36420,Oklahoma City,2015,967,
36420,Oklahoma City,2016,961,
36420,Oklahoma City,2017,974,
36420,Oklahoma City,2018,972,
36420,Oklahoma City,2019,1012,
36420,Oklahoma City,2020,1071,
36420,Oklahoma City,2021,1029,
36420,Oklahoma City,2022,1093,
36420,Oklahoma City,2023,1154,
36420,Oklahoma City,2024,1108,
36420,Oklahoma City,2025,1197,
36740,Orlando-Kissimmee-Sanford,2000,643,
36740,Orlando-Kissimmee-Sanford,2001,685,
36740,Orlando-Kissimmee-Sanford,2002,684,
36740,Orlando-Kissimmee-Sanford,2003,708,
36740,Orlando-Kissimmee-Sanford,2004,721,
36740,Orlando-Kissimmee-Sanford,2005,736,
36740,Orlando-Kissimmee-Sanford,2006,766,
36740,Orlando-Kissimmee-Sanford,2007,807,
36740,Orlando-Kissimmee-Sanford,2008,786,
36740,Orlando-Kissimmee-Sanford,2009,855,
36740,Orlando-Kissimmee-Sanford,2010,814,
36740,Orlando-Kissimmee-Sanford,2011,851,
36740,Orlando-Kissimmee-Sanford,2012,859,
36740,Orlando-Kissimmee-Sanford,2013,911,
36740,Orlando-Kissimmee-Sanford,2014,950,
36740,Orlando-Kissimmee-Sanford,2015,987,
36740,Orlando-Kissimmee-Sanford,2016,971,
36740,Orlando-Kissimmee-Sanford,2017,1001,
36740,Orlando-Kissimmee-Sanford,2018,988,
36740,Orlando-Kissimmee-Sanford,2019,1013,
36740,Orlando-Kissimmee-Sanford,2020,1037,
36740,Orlando-Kissimmee-Sanford,2021,1099,
36740,Orlando-Kissimmee-Sanford,2022,1132,
36740,Orlando-Kissimmee-Sanford,2023,1191,
36740,Orlando-Kissimmee-Sanford,2024,1216,
36740,Orlando-Kissimmee-Sanford,2025,1229,
37980,Philadelphia-Camden-Wilmington,2000,839,
37980,Philadelphia-Camden-Wilmington,2001,878,
37980,Philadelphia-Camden-Wilmington,2002,853,
37980,Philadelphia-Camden-Wilmington,2003,880,
37980,Philadelphia-Camden-Wilmington,2004,958,
37980,Philadelphia-Camden-Wilmington,2005,911,
37980,Philadelphia-Camden-Wilmington,2006,976,
37980,Philadelphia-Camden-Wilmington,2007,1014,
37980,Philadelphia-Camden-Wilmington,2008,1079,
37980,Philadelphia-Camden-Wilmington,2009,1070,
37980,Philadelphia-Camden-Wilmington,2010,1083,
37980,Philadelphia-Camden-Wilmington,2011,1129,
37980,Philadelphia-Camden-Wilmington,2012,1109,
37980,Philadelphia-Camden-Wilmington,2013,1223,
37980,Philadelphia-Camden-Wilmington,2014,1194,
37980,Philadelphia-Camden-Wilmington,2015,1240,
37980,Philadelphia-Camden-Wilmington,2016,1251,
37980,Philadelphia-Camden-Wilmington,2017,1296,
37980,Philadelphia-Camden-Wilmington,2018,1328,
37980,Philadelphia-Camden-Wilmington,2019,1362,
37980,Philadelphia-Camden-Wilmington,2020,1438,
37980,Philadelphia-Camden-Wilmington,2021,1449,
37980,Philadelphia-Camden-Wilmington,2022,1580,
37980,Philadelphia-Camden-Wilmington,2023,1546,
37980,Philadelphia-Camden-Wilmington,2024,1596,
37980,Philadelphia-Camden-Wilmington,2025,1557,
38060,Phoenix-Mesa-Chandler,2000,816,
38060,Phoenix-Mesa-Chandler,2001,804,
38060,Phoenix-Mesa-Chandler,2002,833,
38060,Phoenix-Mesa-Chandler,2003,875,
38060,Phoenix-Mesa-Chandler,2004,856,
38060,Phoenix-Mesa-Chandler,2005,930,
38060,Phoenix-Mesa-Chandler,2006,962,
38060,Phoenix-Mesa-Chandler,2007,952,
38060,Phoenix-Mesa-Chandler,2008,995,
38060,Phoenix-Mesa-Chandler,2009,962,
38060,Phoenix-Mesa-Chandler,2010,992,
38060,Phoenix-Mesa-Chandler,2011,1046,
38060,Phoenix-Mesa-Chandler,2012,1079,
38060,Phoenix-Mesa-Chandler,2013,1115,
38060,Phoenix-Mesa-Chandler,2014,1119,
38060,Phoenix-Mesa-Chandler,2015,1168,
38060,Phoenix-Mesa-Chandler,2016,1180,
38060,Phoenix-Mesa-Chandler,2017,1257,
38060,Phoenix-Mesa-Chandler,2018,1228,
38060,Phoenix-Mesa-Chandler,2019,1231,
38060,Phoenix-Mesa-Chandler,2020,1269,
38060,Phoenix-Mesa-Chandler,2021,1381,
38060,Phoenix-Mesa-Chandler,2022,1399,
38060,Phoenix-Mesa-Chandler,2023,1461,
38060,Phoenix-Mesa-Chandler,2024,1453,
38060,Phoenix-Mesa-Chandler,2025,1504,
38300,Pittsburgh,2000,694,
38300,Pittsburgh,2001,726,
38300,Pittsburgh,2002,727,
38300,Pittsburgh,2003,734,
38300,Pittsburgh,2004,748,
38300,Pittsburgh,2005,794,
38300,Pittsburgh,2006,825,
38300,Pittsburgh,2007,827,
38300,Pittsburgh,2008,839,
38300,Pittsburgh,2009,898,
38300,Pittsburgh,2010,872,
38300,Pittsburgh,2011,934,
38300,Pittsburgh,2012,939,
38300,Pittsburgh,2013,969,
38300,Pittsburgh,2014,974,
38300,Pittsburgh,2015,1030,
38300,Pittsburgh,2016,1042,
38300,Pittsburgh,2017,1084,
38300,Pittsburgh,2018,1083,
38300,Pittsburgh,2019,1197,
38300,Pittsburgh,2020,1143,
38300,Pittsburgh,2021,1142,
38300,Pittsburgh,2022,1273,
38300,Pittsburgh,2023,1351,
38300,Pittsburgh,2024,1318,
38300,Pittsburgh,2025,1276,
38900,Portland-Vancouver-Hillsboro,2000,878,
38900,Portland-Vancouver-Hillsboro,2001,926,
38900,Portland-Vancouver-Hillsboro,2002,974,
38900,Portland-Vancouver-Hillsboro,2003,959,
38900,Portland-Vancouver-Hillsboro,2004,969,
38900,Portland-Vancouver-Hillsboro,2005,1060,
38900,Portland-Vancouver-Hillsboro,2006,1033,
38900,Portland-Vancouver-Hillsboro,2007,1054,
38900,Portland-Vancouver-Hillsboro,2008,1124,
38900,Portland-Vancouver-Hillsboro,2009,1162,
38900,Portland-Vancouver-Hillsboro,2010,1109,
38900,Portland-Vancouver-Hillsboro,2011,1146,
38900,Portland-Vancouver-Hillsboro,2012,1128,
38900,Portland-Vancouver-Hillsboro,2013,1192,
38900,Portland-Vancouver-Hillsboro,2014,1314,
38900,Portland-Vancouver-Hillsboro,2015,1247,
38900,Portland-Vancouver-Hillsboro,2016,1246,
38900,Portland-Vancouver-Hillsboro,2017,1331,
38900,Portland-Vancouver-Hillsboro,2018,1413,
38900,Portland-Vancouver-Hillsboro,2019,1343,
38900,Portland-Vancouver-Hillsboro,2020,1511,
38900,Portland-Vancouver-Hillsboro,2021,1483,
38900,Portland-Vancouver-Hillsboro,2022,1588,
38900,Portland-Vancouver-Hillsboro,2023,1536,
38900,Portland-Vancouver-Hillsboro,2024,1635,
38900,Portland-Vancouver-Hillsboro,2025,1631,
39300,Providence-Warwick,2000,755,
39300,Providence-Warwick,2001,807,
39300,Providence-Warwick,2002,816,
39300,Providence-Warwick,2003,830,
39300,Providence-Warwick,2004,818,
39300,Providence-Warwick,2005,832,
39300,Providence-Warwick,2006,909,
39300,Providence-Warwick,2007,838,
39300,Providence-Warwick,2008,877,
39300,Providence-Warwick,2009,942,
39300,Providence-Warwick,2010,998,
39300,Providence-Warwick,2011,1020,
39300,Providence-Warwick,2012,994,
39300,Providence-Warwick,2013,1089,
39300,Providence-Warwick,2014,1054,
39300,Providence-Warwick,2015,1080,
39300,Providence-Warwick,2016,1101,
39300,Providence-Warwick,2017,1109,
39300,Providence-Warwick,2018,1167,
39300,Providence-Warwick,2019,1229,
39300,Providence-Warwick,2020,1254,
39300,Providence-Warwick,2021,1297,
39300,Providence-Warwick,2022,1416,
39300,Providence-Warwick,2023,1347,
39300,Providence-Warwick,2024,1413,
39300,Providence-Warwick,2025,1454,
39580,Raleigh-Cary,2000,789,
39580,Raleigh-Cary,2001,799,
39580,Raleigh-Cary,2002,822,
39580,Raleigh-Cary,2003,860,
39580,Raleigh-Cary,2004,838,
39580,Raleigh-Cary,2005,886,
39580,Raleigh-Cary,2006,899,
39580,Raleigh-Cary,2007,978,
39580,Raleigh-Cary,2008,910,
39580,Raleigh-Cary,2009,984,
39580,Raleigh-Cary,2010,981,
39580,Raleigh-Cary,2011,1056,
39580,Raleigh-Cary,2012,1110,
39580,Raleigh-Cary,2013,1034,
39580,Raleigh-Cary,2014,1177,
39580,Raleigh-Cary,2015,1173,
39580,Raleigh-Cary,2016,1218,
39580,Raleigh-Cary,2017,1216,
39580,Raleigh-Cary,2018,1221,
39580,Raleigh-Cary,2019,1191,
39580,Raleigh-Cary,2020,1355,
39580,Raleigh-Cary,2021,1338,
39580,Raleigh-Cary,2022,1422,
39580,Raleigh-Cary,2023,1460,
39580,Raleigh-Cary,2024,1422,
39580,Raleigh-Cary,2025,1557,
40060,Richmond,2000,811,
40060,Richmond,2001,860,
40060,Richmond,2002,851,
40060,Richmond,2003,914,
40060,Richmond,2004,898,
40060,Richmond,2005,950,
40060,Richmond,2006,975,
40060,Richmond,2007,961,
40060,Richmond,2008,971,
40060,Richmond,2009,1015,
40060,Richmond,2010,1090,
40060,Richmond,2011,1047,
40060,Richmond,2012,1109,
40060,Richmond,2013,1164,
40060,Richmond,2014,1115,
40060,Richmond,2015,1206,
40060,Richmond,2016,1232,
40060,Richmond,2017,1308,
40060,Richmond,2018,1227,
40060,Richmond,2019,1264,
40060,Richmond,2020,1350,
40060,Richmond,2021,1421,
40060,Richmond,2022,1399,
40060,Richmond,2023,1468,
40060,Richmond,2024,1437,
40060,Richmond,2025,1571,
40140,Riverside-San Bernardino-Ontario,2000,787,
40140,Riverside-San Bernardino-Ontario,2001,769,
40140,Riverside-San Bernardino-Ontario,2002,800,
40140,Riverside-San Bernardino-Ontario,2003,800,
40140,Riverside-San Bernardino-Ontario,2004,806,
40140,Riverside-San Bernardino-Ontario,2005,869,
40140,Riverside-San Bernardino-Ontario,2006,818,
40140,Riverside-San Bernardino-Ontario,2007,927,
40140,Riverside-San Bernardino-Ontario,2008,893,
40140,Riverside-San Bernardino-Ontario,2009,1008,
40140,Riverside-San Bernardino-Ontario,2010,965,
40140,Riverside-San Bernardino-Ontario,2011,1017,
40140,Riverside-San Bernardino-Ontario,2012,1012,
40140,Riverside-San Bernardino-Ontario,2013,1092,
40140,Riverside-San Bernardino-Ontario,2014,1104,
40140,Riverside-San Bernardino-Ontario,2015,1095,
40140,Riverside-San Bernardino-Ontario,2016,1121,
40140,Riverside-San Bernardino-Ontario,2017,1134,
40140,Riverside-San Bernardino-Ontario,2018,1212,
40140,Riverside-San Bernardino-Ontario,2019,1240,
40140,Riverside-San Bernardino-Ontario,2020,1208,
40140,Riverside-San Bernardino-Ontario,2021,1368,
40140,Riverside-San Bernardino-Ontario,2022,1299,
40140,Riverside-San Bernardino-Ontario,2023,1330,
40140,Riverside-San Bernardino-Ontario,2024,1375,
40140,Riverside-San Bernardino-Ontario,2025,1423,
40380,Rochester,2000,666,
40380,Rochester,2001,660,
40380,Rochester,2002,678,
40380,Rochester,2003,753,
40380,Rochester,2004,720,
40380,Rochester,2005,779,
40380,Rochester,2006,779,
40380,Rochester,2007,786,
40380,Rochester,2008,831,
40380,Rochester,2009,804,
40380,Rochester,2010,868,
40380,Rochester,2011,923,
40380,Rochester,2012,961,
40380,Rochester,2013,955,
40380,Rochester,2014,972,
40380,Rochester,2015,998,
40380,Rochester,2016,982,
40380,Rochester,2017,973,
40380,Rochester,2018,1015,
40380,Rochester,2019,1089,
40380,Rochester,2020,1090,
40380,Rochester,2021,1173,
40380,Rochester,2022,1197,
40380,Rochester,2023,1206,
40380,Rochester,2024,1210,
40380,Rochester,2025,1382,
40900,Sacramento-Roseville-Folsom,2000,838,
40900,Sacramento-Roseville-Folsom,2001,924,
40900,Sacramento-Roseville-Folsom,2002,843,
40900,Sacramento-Roseville-Folsom,2003,961,
40900,Sacramento-Roseville-Folsom,2004,1002,
40900,Sacramento-Roseville-Folsom,2005,942,
40900,Sacramento-Roseville-Folsom,2006,986,
40900,Sacramento-Roseville-Folsom,2007,1002,
40900,Sacramento-Roseville-Folsom,2008,1070,
40900,Sacramento-Roseville-Folsom,2009,1137,
40900,Sacramento-Roseville-Folsom,2010,1100,
40900,Sacramento-Roseville-Folsom,2011,1147,
40900,Sacramento-Roseville-Folsom,2012,1180,
40900,Sacramento-Roseville-Folsom,2013,1219,
40900,Sacramento-Roseville-Folsom,2014,1283,
40900,Sacramento-Roseville-Folsom,2015,1288,
40900,Sacramento-Roseville-Folsom,2016,1300,
40900,Sacramento-Roseville-Folsom,2017,1413,
40900,Sacramento-Roseville-Folsom,2018,1381,
40900,Sacramento-Roseville-Folsom,2019,1427,
40900,Sacramento-Roseville-Folsom,2020,1447,
40900,Sacramento-Roseville-Folsom,2021,1577,
40900,Sacramento-Roseville-Folsom,2022,1428,
40900,Sacramento-Roseville-Folsom,2023,1544,
40900,Sacramento-Roseville-Folsom,2024,1578,
40900,Sacramento-Roseville-Folsom,2025,1612,
41180,San Jose-Sunnyvale-Santa Clara,2000,1531,
41180,San Jose-Sunnyvale-Santa Clara,2001,1536,
41180,San Jose-Sunnyvale-Santa Clara,2002,1615,
41180,San Jose-Sunnyvale-Santa Clara,2003,1636,
41180,San Jose-Sunnyvale-Santa Clara,2004,1677,
41180,San Jose-Sunnyvale-Santa Clara,2005,1644,
41180,San Jose-Sunnyvale-Santa Clara,2006,1834,
41180,San Jose-Sunnyvale-Santa Clara,2007,1737,
41180,San Jose-Sunnyvale-Santa Clara,2008,1873,
41180,San Jose-Sunnyvale-Santa Clara,2009,1939,
41180,San Jose-Sunnyvale-Santa Clara,2010,2037,
41180,San Jose-Sunnyvale-Santa Clara,2011,2070,
41180,San Jose-Sunnyvale-Santa Clara,2012,2037,
41180,San Jose-Sunnyvale-Santa Clara,2013,2162,
41180,San Jose-Sunnyvale-Santa Clara,2014,2195,
41180,San Jose-Sunnyvale-Santa Clara,2015,2159,
41180,San Jose-Sunnyvale-Santa Clara,2016,2285,
41180,San Jose-Sunnyvale-Santa Clara,2017,2248,
41180,San Jose-Sunnyvale-Santa Clara,2018,2391,
41180,San Jose-Sunnyvale-Santa Clara,2019,2381,
41180,San Jose-Sunnyvale-Santa Clara,2020,2625,
41180,San Jose-Sunnyvale-Santa Clara,2021,2658,
41180,San Jose-Sunnyvale-Santa Clara,2022,2571,
41180,San Jose-Sunnyvale-Santa Clara,2023,2700,
41180,San Jose-Sunnyvale-Santa Clara,2024,2797,
41180,San Jose-Sunnyvale-Santa Clara,2025,2984,
41620,Salt Lake City,2000,846,
41620,Salt Lake City,2001,852,
41620,Salt Lake City,2002,830,
41620,Salt Lake City,2003,917,
41620,Salt Lake City,2004,924,
41620,Salt Lake City,2005,967,
41620,Salt Lake City,2006,965,
41620,Salt Lake City,2007,974,
41620,Salt Lake City,2008,1034,
41620,Salt Lake City,2009,1098,
41620,Salt Lake City,2010,1082,
41620,Salt Lake City,2011,1087,
41620,Salt Lake City,2012,1163,
41620,Salt Lake City,2013,1149,
41620,Salt Lake City,2014,1308,
41620,Salt Lake City,2015,1223,
41620,Salt Lake City,2016,1262,
41620,Salt Lake City,2017,1231,
41620,Salt Lake City,2018,1247,
41620,Salt Lake City,2019,1348,
41620,Salt Lake City,2020,1363,
41620,Salt Lake City,2021,1436,
41620,Salt Lake City,2022,1460,
41620,Salt Lake City,2023,1460,
41620,Salt Lake City,2024,1485,
41620,Salt Lake City,2025,1583,
41700,San Antonio-New Braunfels,2000,630,
41700,San Antonio-New Braunfels,2001,656,
41700,San Antonio-New Braunfels,2002,651,
41700,San Antonio-New Braunfels,2003,691,
41700,San Antonio-New Braunfels,2004,686,
41700,San Antonio-New Braunfels,2005,719,
41700,San Antonio-New Braunfels,2006,727,
41700,San Antonio-New Braunfels,2007,780,
41700,San Antonio-New Braunfels,2008,752,
41700,San Antonio-New Braunfels,2009,803,
41700,San Antonio-New Braunfels,2010,809,
41700,San Antonio-New Braunfels,2011,875,
41700,San Antonio-New Braunfels,2012,843,
41700,San Antonio-New Braunfels,2013,812,
41700,San Antonio-New Braunfels,2014,944,
41700,San Antonio-New Braunfels,2015,932,
41700,San Antonio-New Braunfels,2016,1018,
41700,San Antonio-New Braunfels,2017,989,
41700,San Antonio-New Braunfels,2018,1026,
41700,San Antonio-New Braunfels,2019,1019,
41700,San Antonio-New Braunfels,2020,985,
41700,San Antonio-New Braunfels,2021,1139,
41700,San Antonio-New Braunfels,2022,1114,
41700,San Antonio-New Braunfels,2023,1138,
41700,San Antonio-New Braunfels,2024,1210,
41700,San Antonio-New Braunfels,2025,1235,
41740,San Diego-Chula Vista-Carlsbad,2000,969,
41740,San Diego-Chula Vista-Carlsbad,2001,928,
41740,San Diego-Chula Vista-Carlsbad,2002,1006,
41740,San Diego-Chula Vista-Carlsbad,2003,1053,
41740,San Diego-Chula Vista-Carlsbad,2004,992,
41740,San Diego-Chula Vista-Carlsbad,2005,1129,
41740,San Diego-Chula Vista-Carlsbad,2006,1099,
41740,San Diego-Chula Vista-Carlsbad,2007,1205,
41740,San Diego-Chula Vista-Carlsbad,2008,1184,
41740,San Diego-Chula Vista-Carlsbad,2009,1181,
41740,San Diego-Chula Vista-Carlsbad,2010,1180,
41740,San Diego-Chula Vista-Carlsbad,2011,1322,
41740,San Diego-Chula Vista-Carlsbad,2012,1218,
41740,San Diego-Chula Vista-Carlsbad,2013,1309,
41740,San Diego-Chula Vista-Carlsbad,2014,1319,
41740,San Diego-Chula Vista-Carlsbad,2015,1493,
41740,San Diego-Chula Vista-Carlsbad,2016,1372,
41740,San Diego-Chula Vista-Carlsbad,2017,1458,
41740,San Diego-Chula Vista-Carlsbad,2018,1409,
41740,San Diego-Chula Vista-Carlsbad,2019,1523,
41740,San Diego-Chula Vista-Carlsbad,2020,1575,
41740,San Diego-Chula Vista-Carlsbad,2021,1672,
41740,San Diego-Chula Vista-Carlsbad,2022,1686,
41740,San Diego-Chula Vista-Carlsbad,2023,1740,
41740,San Diego-Chula Vista-Carlsbad,2024,1636,
41740,San Diego-Chula Vista-Carlsbad,2025,1838,
41860,San Francisco-Oakland-Berkeley,2000,1342,
41860,San Francisco-Oakland-Berkeley,2001,1418,
41860,San Francisco-Oakland-Berkeley,2002,1392,
41860,San Francisco-Oakland-Berkeley,2003,1479,
41860,San Francisco-Oakland-Berkeley,2004,1529,
41860,San Francisco-Oakland-Berkeley,2005,1584,
41860,San Francisco-Oakland-Berkeley,2006,1650,
41860,San Francisco-Oakland-Berkeley,2007,1692,
41860,San Francisco-Oakland-Berkeley,2008,1681,
41860,San Francisco-Oakland-Berkeley,2009,1814,
41860,San Francisco-Oakland-Berkeley,2010,1860,
41860,San Francisco-Oakland-Berkeley,2011,1807,
41860,San Francisco-Oakland-Berkeley,2012,1987,
41860,San Francisco-Oakland-Berkeley,2013,2010,
41860,San Francisco-Oakland-Berkeley,2014,2104,
41860,San Francisco-Oakland-Berkeley,2015,1987,
41860,San Francisco-Oakland-Berkeley,2016,2072,
41860,San Francisco-Oakland-Berkeley,2017,2103,
41860,San Francisco-Oakland-Berkeley,2018,2137,
41860,San Francisco-Oakland-Berkeley,2019,2330,
41860,San Francisco-Oakland-Berkeley,2020,2385,
41860,San Francisco-Oakland-Berkeley,2021,2264,
41860,San Francisco-Oakland-Berkeley,2022,2406,
41860,San Francisco-Oakland-Berkeley,2023,2519,
41860,San Francisco-Oakland-Berkeley,2024,2620,
41860,San Francisco-Oakland-Berkeley,2025,2690,
42660,Seattle-Tacoma-Bellevue,2000,1202,
42660,Seattle-Tacoma-Bellevue,2001,1179,
42660,Seattle-Tacoma-Bellevue,2002,1272,
42660,Seattle-Tacoma-Bellevue,2003,1286,
42660,Seattle-Tacoma-Bellevue,2004,1235,
42660,Seattle-Tacoma-Bellevue,2005,1350,
42660,Seattle-Tacoma-Bellevue,2006,1353,
42660,Seattle-Tacoma-Bellevue,2007,1386,
42660,Seattle-Tacoma-Bellevue,2008,1448,
42660,Seattle-Tacoma-Bellevue,2009,1425,
42660,Seattle-Tacoma-Bellevue,2010,1473,
42660,Seattle-Tacoma-Bellevue,2011,1459,
42660,Seattle-Tacoma-Bellevue,2012,1547,
42660,Seattle-Tacoma-Bellevue,2013,1621,
42660,Seattle-Tacoma-Bellevue,2014,1631,
42660,Seattle-Tacoma-Bellevue,2015,1738,
42660,Seattle-Tacoma-Bellevue,2016,1752,
42660,Seattle-Tacoma-Bellevue,2017,1803,
42660,Seattle-Tacoma-Bellevue,2018,1883,
42660,Seattle-Tacoma-Bellevue,2019,1849,
42660,Seattle-Tacoma-Bellevue,2020,2030,
42660,Seattle-Tacoma-Bellevue,2021,2022,
42660,Seattle-Tacoma-Bellevue,2022,2121,
42660,Seattle-Tacoma-Bellevue,2023,2137,
42660,Seattle-Tacoma-Bellevue,2024,2191,
42660,Seattle-Tacoma-Bellevue,2025,2175,
45300,Tampa-St. Petersburg-Clearwater,2000,694,
45300,Tampa-St. Petersburg-Clearwater,2001,674,
45300,Tampa-St. Petersburg-Clearwater,2002,717,
45300,Tampa-St. Petersburg-Clearwater,2003,739,
45300,Tampa-St. Petersburg-Clearwater,2004,736,
45300,Tampa-St. Petersburg-Clearwater,2005,762,
45300,Tampa-St. Petersburg-Clearwater,2006,784,
45300,Tampa-St. Petersburg-Clearwater,2007,806,
45300,Tampa-St. Petersburg-Clearwater,2008,832,
45300,Tampa-St. Petersburg-Clearwater,2009,804,
45300,Tampa-St. Petersburg-Clearwater,2010,786,
45300,Tampa-St. Petersburg-Clearwater,2011,905,
45300,Tampa-St. Petersburg-Clearwater,2012,906,
45300,Tampa-St. Petersburg-Clearwater,2013,954,
45300,Tampa-St. Petersburg-Clearwater,2014,966,
45300,Tampa-St. Petersburg-Clearwater,2015,1001,
45300,Tampa-St. Petersburg-Clearwater,2016,943,
45300,Tampa-St. Petersburg-Clearwater,2017,1050,
45300,Tampa-St. Petersburg-Clearwater,2018,1050,
45300,Tampa-St. Petersburg-Clearwater,2019,1098,
45300,Tampa-St. Petersburg-Clearwater,2020,1154,
45300,Tampa-St. Petersburg-Clearwater,2021,1139,
45300,Tampa-St. Petersburg-Clearwater,2022,1209,
45300,Tampa-St. Petersburg-Clearwater,2023,1218,
45300,Tampa-St. Petersburg-Clearwater,2024,1239,
45300,Tampa-St. Petersburg-Clearwater,2025,1256,
46060,Tucson,2000,620,
46060,Tucson,2001,643,
46060,Tucson,2002,621,
46060,Tucson,2003,631,
46060,Tucson,2004,655,
46060,Tucson,2005,690,
46060,Tucson,2006,737,
46060,Tucson,2007,736,
46060,Tucson,2008,765,
46060,Tucson,2009,785,
46060,Tucson,2010,792,
46060,Tucson,2011,793,
46060,Tucson,2012,812,
46060,Tucson,2013,856,
46060,Tucson,2014,851,
46060,Tucson,2015,907,
46060,Tucson,2016,953,
46060,Tucson,2017,952,
46060,Tucson,2018,958,
46060,Tucson,2019,938,
46060,Tucson,2020,1005,
46060,Tucson,2021,1006,
46060,Tucson,2022,1075,
46060,Tucson,2023,1068,
46060,Tucson,2024,1046,
46060,Tucson,2025,1164,
47260,Virginia Beach-Norfolk-Newport News,2000,733,
47260,Virginia Beach-Norfolk-Newport News,2001,745,
47260,Virginia Beach-Norfolk-Newport News,2002,808,
47260,Virginia Beach-Norfolk-Newport News,2003,748,
47260,Virginia Beach-Norfolk-Newport News,2004,803,
47260,Virginia Beach-Norfolk-Newport News,2005,839,
47260,Virginia Beach-Norfolk-Newport News,2006,856,
47260,Virginia Beach-Norfolk-Newport News,2007,857,
47260,Virginia Beach-Norfolk-Newport News,2008,897,
47260,Virginia Beach-Norfolk-Newport News,2009,923,
47260,Virginia Beach-Norfolk-Newport News,2010,937,
47260,Virginia Beach-Norfolk-Newport News,2011,947,
47260,Virginia Beach-Norfolk-Newport News,2012,995,
47260,Virginia Beach-Norfolk-Newport News,2013,994,
47260,Virginia Beach-Norfolk-Newport News,2014,1018,
47260,Virginia Beach-Norfolk-Newport News,2015,1083,
47260,Virginia Beach-Norfolk-Newport News,2016,1070,
47260,Virginia Beach-Norfolk-Newport News,2017,1090,
47260,Virginia Beach-Norfolk-Newport News,2018,1169,
47260,Virginia Beach-Norfolk-Newport News,2019,1238,
47260,Virginia Beach-Norfolk-Newport News,2020,1195,
47260,Virginia Beach-Norfolk-Newport News,2021,1215,
47260,Virginia Beach-Norfolk-Newport News,2022,1292,
47260,Virginia Beach-Norfolk-Newport News,2023,1312,
47260,Virginia Beach-Norfolk-Newport News,2024,1338,
47260,Virginia Beach-Norfolk-Newport News,2025,1375,
47900,Washington-Arlington-Alexandria,2000,1294,
47900,Washington-Arlington-Alexandria,2001,1322,
47900,Washington-Arlington-Alexandria,2002,1331,
47900,Washington-Arlington-Alexandria,2003,1445,
47900,Washington-Arlington-Alexandria,2004,1419,
47900,Washington-Arlington-Alexandria,2005,1382,
47900,Washington-Arlington-Alexandria,2006,1471,
47900,Washington-Arlington-Alexandria,2007,1555,
47900,Washington-Arlington-Alexandria,2008,1550,
47900,Washington-Arlington-Alexandria,2009,1541,
47900,Washington-Arlington-Alexandria,2010,1595,
47900,Washington-Arlington-Alexandria,2011,1618,
47900,Washington-Arlington-Alexandria,2012,1671,
47900,Washington-Arlington-Alexandria,2013,1783,
47900,Washington-Arlington-Alexandria,2014,1819,
47900,Washington-Arlington-Alexandria,2015,1798,
47900,Washington-Arlington-Alexandria,2016,1888,
47900,Washington-Arlington-Alexandria,2017,1842,
47900,Washington-Arlington-Alexandria,2018,2000,
47900,Washington-Arlington-Alexandria,2019,2073,
47900,Washington-Arlington-Alexandria,2020,2171,
47900,Washington-Arlington-Alexandria,2021,2151,
47900,Washington-Arlington-Alexandria,2022,2192,
47900,Washington-Arlington-Alexandria,2023,2241,
47900,Washington-Arlington-Alexandria,2024,2238,
47900,Washington-Arlington-Alexandria,2025,2331,
