cbsa_code,cbsa_name,year,permits_total,permits_sf,permits_mf_small,permits_mf_large,data_source,dq_flag
12060,Atlanta-Sandy Springs-Alpharetta,2000,66031,48504,678,16849,census_bps,
12060,Atlanta-Sandy Springs-Alpharetta,2001,67180,50317,502,16361,census_bps,
12060,Atlanta-Sandy Springs-Alpharetta,2002,68710,52253,492,15965,census_bps,
12060,Atlanta-Sandy Springs-Alpharetta,2003,66793,55423,519,10851,census_bps,
12060,Atlanta-Sandy Springs-Alpharetta,2004,74547,57825,585,16137,census_bps,
12060,Atlanta-Sandy Springs-Alpharetta,2005,73475,62173,292,11010,census_bps,
12060,Atlanta-Sandy Springs-Alpharetta,2006,68818,54489,700,13629,census_bps,
12060,Atlanta-Sandy Springs-Alpharetta,2007,45240,31559,669,13012,census_bps,
12060,Atlanta-Sandy Springs-Alpharetta,2008,19454,12199,211,7044,census_bps,
12060,Atlanta-Sandy Springs-Alpharetta,2009,6615,5503,118,994,census_bps,
12060,Atlanta-Sandy Springs-Alpharetta,2010,7584,6457,90,1037,census_bps,
12060,Atlanta-Sandy Springs-Alpharetta,2011,8688,6268,63,2357,census_bps,
12060,Atlanta-Sandy Springs-Alpharetta,2012,14420,9207,194,5019,census_bps,
12060,Atlanta-Sandy Springs-Alpharetta,2013,24495,15022,207,9266,census_bps,
12060,Atlanta-Sandy Springs-Alpharetta,2014,26756,17057,257,9442,census_bps,
12060,Atlanta-Sandy Springs-Alpharetta,2015,30517,20038,197,10282,census_bps,
12060,Atlanta-Sandy Springs-Alpharetta,2016,36485,23226,152,13107,census_bps,
12060,Atlanta-Sandy Springs-Alpharetta,2017,33998,25139,157,8702,census_bps,
12060,Atlanta-Sandy Springs-Alpharetta,2018,39409,26461,198,12750,census_bps,
12060,Atlanta-Sandy Springs-Alpharetta,2019,32928,26353,157,6418,census_bps,
12060,Atlanta-Sandy Springs-Alpharetta,2020,32447,28733,324,3390,census_bps,
12060,Atlanta-Sandy Springs-Alpharetta,2021,39522,31610,235,7677,census_bps,
12060,Atlanta-Sandy Springs-Alpharetta,2022,48617,26745,584,21288,census_bps,
12060,Atlanta-Sandy Springs-Alpharetta,2023,38749,24132,390,14227,census_bps,
12060,Atlanta-Sandy Springs-Alpharetta,2024,40687,25773,959,13955,census_bps,
12420,Austin-Round Rock-Georgetown,2000,21889,13045,780,8064,census_bps,
12420,Austin-Round Rock-Georgetown,2001,17873,9174,354,8345,census_bps,
12420,Austin-Round Rock-Georgetown,2002,17232,11072,590,5570,census_bps,
12420,Austin-Round Rock-Georgetown,2003,15317,12103,715,2499,census_bps,
12420,Austin-Round Rock-Georgetown,2004,18015,14309,600,3106,census_bps,
12420,Austin-Round Rock-Georgetown,2005,23241,17346,634,5261,census_bps,
12420,Austin-Round Rock-Georgetown,2006,26096,17615,1082,7399,census_bps,
12420,Austin-Round Rock-Georgetown,2007,19903,12120,881,6902,census_bps,
12420,Austin-Round Rock-Georgetown,2008,11792,7710,270,3812,census_bps,
12420,Austin-Round Rock-Georgetown,2009,8758,6678,31,2049,census_bps,
12420,Austin-Round Rock-Georgetown,2010,8786,6200,296,2290,census_bps,
12420,Austin-Round Rock-Georgetown,2011,10239,6231,81,3927,census_bps,
12420,Austin-Round Rock-Georgetown,2012,19563,8229,114,11220,census_bps,
12420,Austin-Round Rock-Georgetown,2013,20852,8941,402,11509,census_bps,
12420,Austin-Round Rock-Georgetown,2014,19949,11515,444,7990,census_bps,
12420,Austin-Round Rock-Georgetown,2015,22370,11857,448,10065,census_bps,
12420,Austin-Round Rock-Georgetown,2016,21861,13327,238,8296,census_bps,
12420,Austin-Round Rock-Georgetown,2017,26700,16119,153,10428,census_bps,
12420,Austin-Round Rock-Georgetown,2018,30035,17030,165,12840,census_bps,
12420,Austin-Round Rock-Georgetown,2019,32037,18426,344,13267,census_bps,
12420,Austin-Round Rock-Georgetown,2020,42264,22570,417,19277,census_bps,
12420,Austin-Round Rock-Georgetown,2021,50907,24486,779,25642,census_bps,
12420,Austin-Round Rock-Georgetown,2022,42362,19715,468,22179,census_bps,
12420,Austin-Round Rock-Georgetown,2023,38773,16532,488,21753,census_bps,
12420,Austin-Round Rock-Georgetown,2024,32294,16435,733,15126,census_bps,
13820,Birmingham-Hoover,2000,5214,4433,7,774,census_bps,
13820,Birmingham-Hoover,2001,5196,4720,7,469,census_bps,
13820,Birmingham-Hoover,2002,5317,5018,32,267,census_bps,
13820,Birmingham-Hoover,2003,6673,5970,10,693,census_bps,
13820,Birmingham-Hoover,2004,7800,6358,66,1376,census_bps,
13820,Birmingham-Hoover,2005,7668,6873,74,721,census_bps,
13820,Birmingham-Hoover,2006,7807,6437,59,1311,census_bps,
13820,Birmingham-Hoover,2007,5433,4930,17,486,census_bps,
13820,Birmingham-Hoover,2008,3359,2325,18,1016,census_bps,
13820,Birmingham-Hoover,2009,1807,1683,68,56,census_bps,
13820,Birmingham-Hoover,2010,1924,1563,21,340,census_bps,
13820,Birmingham-Hoover,2011,2362,1795,0,567,census_bps,
13820,Birmingham-Hoover,2012,3301,1847,4,1450,census_bps,
13820,Birmingham-Hoover,2013,2776,2016,46,714,census_bps,
13820,Birmingham-Hoover,2014,3364,2318,87,959,census_bps,
13820,Birmingham-Hoover,2015,3733,2414,16,1303,census_bps,
13820,Birmingham-Hoover,2016,3312,2730,8,574,census_bps,
13820,Birmingham-Hoover,2017,2689,2677,6,6,census_bps,
13820,Birmingham-Hoover,2018,3025,2698,28,299,census_bps,
13820,Birmingham-Hoover,2019,3236,3097,29,110,census_bps,
13820,Birmingham-Hoover,2020,3898,3565,26,307,census_bps,
13820,Birmingham-Hoover,2021,4022,3471,7,544,census_bps,
13820,Birmingham-Hoover,2022,4200,3098,110,992,census_bps,
13820,Birmingham-Hoover,2023,3452,3102,26,324,census_bps,
13820,Birmingham-Hoover,2024,3746,3165,25,556,census_bps,
14460,Boston-Cambridge-Newton,2000,11890,8517,738,2635,census_bps,
14460,Boston-Cambridge-Newton,2001,11000,7486,740,2774,census_bps,
14460,Boston-Cambridge-Newton,2002,11030,7403,939,2688,census_bps,
14460,Boston-Cambridge-Newton,2003,14041,7035,1331,5675,census_bps,
14460,Boston-Cambridge-Newton,2004,15423,8204,1182,6037,census_bps,
14460,Boston-Cambridge-Newton,2005,17442,8318,1212,7912,census_bps,
14460,Boston-Cambridge-Newton,2006,13916,6167,1347,6402,census_bps,
14460,Boston-Cambridge-Newton,2007,11248,5305,714,5229,census_bps,
14460,Boston-Cambridge-Newton,2008,7634,3382,458,3794,census_bps,
14460,Boston-Cambridge-Newton,2009,5476,3073,355,2048,census_bps,
14460,Boston-Cambridge-Newton,2010,6672,3748,367,2557,census_bps,
14460,Boston-Cambridge-Newton,2011,6139,3394,424,2321,census_bps,
14460,Boston-Cambridge-Newton,2012,8851,4126,435,4290,census_bps,
14460,Boston-Cambridge-Newton,2013,12021,4953,562,6506,census_bps,
14460,Boston-Cambridge-Newton,2014,12024,4991,551,6482,census_bps,
14460,Boston-Cambridge-Newton,2015,15036,4844,729,9463,census_bps,
14460,Boston-Cambridge-Newton,2016,13247,5243,834,7170,census_bps,
14460,Boston-Cambridge-Newton,2017,14757,4949,782,9026,census_bps,
14460,Boston-Cambridge-Newton,2018,14183,4930,889,8364,census_bps,
14460,Boston-Cambridge-Newton,2019,15088,4299,860,9929,census_bps,
14460,Boston-Cambridge-Newton,2020,14248,4457,871,8920,census_bps,
14460,Boston-Cambridge-Newton,2021,16602,4820,869,10913,census_bps,
14460,Boston-Cambridge-Newton,2022,13595,4025,847,8723,census_bps,
14460,Boston-Cambridge-Newton,2023,10822,3396,717,6709,census_bps,
14460,Boston-Cambridge-Newton,2024,11235,3734,654,6847,census_bps,
14860,Bridgeport-Stamford-Norwalk,2000,1885,1131,150,603,census_bps,
14860,Bridgeport-Stamford-Norwalk,2001,1837,1102,146,587,census_bps,
14860,Bridgeport-Stamford-Norwalk,2002,2088,1252,167,668,census_bps,
14860,Bridgeport-Stamford-Norwalk,2003,2133,1279,170,682,census_bps,
14860,Bridgeport-Stamford-Norwalk,2004,2340,1404,187,748,census_bps,
14860,Bridgeport-Stamford-Norwalk,2005,2424,1454,193,775,census_bps,
14860,Bridgeport-Stamford-Norwalk,2006,2594,1556,207,830,census_bps,
14860,Bridgeport-Stamford-Norwalk,2007,1948,1168,155,623,census_bps,
14860,Bridgeport-Stamford-Norwalk,2008,1302,781,104,416,census_bps,
14860,Bridgeport-Stamford-Norwalk,2009,910,546,72,291,census_bps,
14860,Bridgeport-Stamford-Norwalk,2010,774,464,61,247,census_bps,
14860,Bridgeport-Stamford-Norwalk,2011,884,530,70,282,census_bps,
14860,Bridgeport-Stamford-Norwalk,2012,1082,649,86,346,census_bps,
14860,Bridgeport-Stamford-Norwalk,2013,1400,840,112,448,census_bps,
14860,Bridgeport-Stamford-Norwalk,2014,1640,984,131,524,census_bps,
14860,Bridgeport-Stamford-Norwalk,2015,1866,1119,149,597,census_bps,
14860,Bridgeport-Stamford-Norwalk,2016,1840,1104,147,588,census_bps,
14860,Bridgeport-Stamford-Norwalk,2017,1889,1133,151,604,census_bps,
14860,Bridgeport-Stamford-Norwalk,2018,1945,1167,155,622,census_bps,
14860,Bridgeport-Stamford-Norwalk,2019,1898,1138,151,607,census_bps,
14860,Bridgeport-Stamford-Norwalk,2020,2048,1228,163,655,census_bps,
14860,Bridgeport-Stamford-Norwalk,2021,2442,1465,195,781,census_bps,
14860,Bridgeport-Stamford-Norwalk,2022,2500,1500,200,800,census_bps,
14860,Bridgeport-Stamford-Norwalk,2023,1550,453,60,1037,census_bps,
14860,Bridgeport-Stamford-Norwalk,2023,2237,1342,178,715,census_bps,
14860,Bridgeport-Stamford-Norwalk,2024,1912,501,75,1336,census_bps,
14860,Bridgeport-Stamford-Norwalk,2024,1937,1162,154,619,census_bps,
15380,Buffalo-Cheektowaga,2000,2672,1903,30,739,census_bps,
15380,Buffalo-Cheektowaga,2001,2784,2116,41,627,census_bps,
15380,Buffalo-Cheektowaga,2002,2960,2481,126,353,census_bps,
15380,Buffalo-Cheektowaga,2003,2925,2395,73,457,census_bps,
15380,Buffalo-Cheektowaga,2004,2510,1856,54,600,census_bps,
15380,Buffalo-Cheektowaga,2005,2096,1690,98,308,census_bps,
15380,Buffalo-Cheektowaga,2006,2023,1473,84,466,census_bps,
15380,Buffalo-Cheektowaga,2007,1932,1388,14,530,census_bps,
15380,Buffalo-Cheektowaga,2008,1544,1017,72,455,census_bps,
15380,Buffalo-Cheektowaga,2009,1367,993,54,320,census_bps,
15380,Buffalo-Cheektowaga,2010,1498,1037,39,422,census_bps,
15380,Buffalo-Cheektowaga,2011,1315,790,246,279,census_bps,
15380,Buffalo-Cheektowaga,2012,1252,915,71,266,census_bps,
15380,Buffalo-Cheektowaga,2013,1934,1016,86,832,census_bps,
15380,Buffalo-Cheektowaga,2014,1878,1057,80,741,census_bps,
15380,Buffalo-Cheektowaga,2015,1677,992,36,649,census_bps,
15380,Buffalo-Cheektowaga,2016,1964,931,28,1005,census_bps,
15380,Buffalo-Cheektowaga,2017,1657,979,29,649,census_bps,
15380,Buffalo-Cheektowaga,2018,1453,975,46,432,census_bps,
15380,Buffalo-Cheektowaga,2019,1693,912,44,737,census_bps,
15380,Buffalo-Cheektowaga,2020,1444,912,63,469,census_bps,
15380,Buffalo-Cheektowaga,2021,1553,980,99,474,census_bps,
15380,Buffalo-Cheektowaga,2022,1591,1213,81,297,census_bps,
15380,Buffalo-Cheektowaga,2023,1261,755,102,404,census_bps,
15380,Buffalo-Cheektowaga,2024,1375,749,48,578,census_bps,
16740,Charlotte-Concord-Gastonia,2000,26244,18203,394,7647,census_bps,
16740,Charlotte-Concord-Gastonia,2001,24767,18692,527,5548,census_bps,
16740,Charlotte-Concord-Gastonia,2002,23124,19276,347,3501,census_bps,
16740,Charlotte-Concord-Gastonia,2003,22619,19091,334,3194,census_bps,
16740,Charlotte-Concord-Gastonia,2004,25864,21383,376,4105,census_bps,
16740,Charlotte-Concord-Gastonia,2005,26661,23152,221,3288,census_bps,
16740,Charlotte-Concord-Gastonia,2006,29415,24040,264,5111,census_bps,
16740,Charlotte-Concord-Gastonia,2007,26369,20576,158,5635,census_bps,
16740,Charlotte-Concord-Gastonia,2008,15052,10056,217,4779,census_bps,
16740,Charlotte-Concord-Gastonia,2009,8184,5507,84,2593,census_bps,
16740,Charlotte-Concord-Gastonia,2010,6133,5181,254,698,census_bps,
16740,Charlotte-Concord-Gastonia,2011,7143,5591,190,1362,census_bps,
16740,Charlotte-Concord-Gastonia,2012,13256,7611,236,5409,census_bps,
16740,Charlotte-Concord-Gastonia,2013,16878,11105,203,5570,census_bps,
16740,Charlotte-Concord-Gastonia,2014,18570,11336,134,7100,census_bps,
16740,Charlotte-Concord-Gastonia,2015,19579,12422,281,6876,census_bps,
16740,Charlotte-Concord-Gastonia,2016,20615,14082,105,6428,census_bps,
16740,Charlotte-Concord-Gastonia,2017,22912,15290,114,7508,census_bps,
16740,Charlotte-Concord-Gastonia,2018,26254,16452,162,9640,census_bps,
16740,Charlotte-Concord-Gastonia,2019,24637,16253,146,8238,census_bps,
16740,Charlotte-Concord-Gastonia,2020,26548,19690,134,6724,census_bps,
16740,Charlotte-Concord-Gastonia,2021,30126,20830,110,9186,census_bps,
16740,Charlotte-Concord-Gastonia,2022,27212,19029,189,7994,census_bps,
16740,Charlotte-Concord-Gastonia,2023,29419,19146,146,10127,census_bps,
16740,Charlotte-Concord-Gastonia,2024,25935,18954,154,6827,census_bps,
16980,Chicago-Naperville-Elgin,2000,41476,29901,2229,9346,census_bps,
16980,Chicago-Naperville-Elgin,2001,44318,30876,2307,11135,census_bps,
16980,Chicago-Naperville-Elgin,2002,48037,33044,2540,12453,census_bps,
16980,Chicago-Naperville-Elgin,2003,48508,34942,2917,10649,census_bps,
16980,Chicago-Naperville-Elgin,2004,46235,34976,2939,8320,census_bps,
16980,Chicago-Naperville-Elgin,2005,52808,36608,3789,12411,census_bps,
16980,Chicago-Naperville-Elgin,2006,45814,27960,2747,15107,census_bps,
16980,Chicago-Naperville-Elgin,2007,33416,17598,1826,13992,census_bps,
16980,Chicago-Naperville-Elgin,2008,15769,7360,798,7611,census_bps,
16980,Chicago-Naperville-Elgin,2009,5922,4218,266,1438,census_bps,
16980,Chicago-Naperville-Elgin,2010,7019,4085,276,2658,census_bps,
16980,Chicago-Naperville-Elgin,2011,7366,4025,289,3052,census_bps,
16980,Chicago-Naperville-Elgin,2012,9129,5511,434,3184,census_bps,
16980,Chicago-Naperville-Elgin,2013,11424,7108,512,3804,census_bps,
16980,Chicago-Naperville-Elgin,2014,15412,7572,563,7277,census_bps,
16980,Chicago-Naperville-Elgin,2015,15525,7498,790,7237,census_bps,
16980,Chicago-Naperville-Elgin,2016,19413,7850,877,10686,census_bps,
16980,Chicago-Naperville-Elgin,2017,21932,8222,1018,12692,census_bps,
16980,Chicago-Naperville-Elgin,2018,17370,8318,945,8107,census_bps,
16980,Chicago-Naperville-Elgin,2019,17401,7352,1103,8946,census_bps,
16980,Chicago-Naperville-Elgin,2020,14769,7898,851,6020,census_bps,
16980,Chicago-Naperville-Elgin,2021,17539,9790,983,6766,census_bps,
16980,Chicago-Naperville-Elgin,2022,17355,8356,942,8057,census_bps,
16980,Chicago-Naperville-Elgin,2023,14801,8294,1002,5505,census_bps,
16980,Chicago-Naperville-Elgin,2024,18064,9509,736,7819,census_bps,
17460,Cincinnati,2000,3458,2074,276,1106,census_bps,
17460,Cincinnati,2001,3485,2091,278,1115,census_bps,
17460,Cincinnati,2002,3809,2285,304,1218,census_bps,
17460,Cincinnati,2003,4261,2556,340,1363,census_bps,
17460,Cincinnati,2004,4224,2534,337,1351,census_bps,
17460,Cincinnati,2005,4447,2668,355,1423,census_bps,
17460,Cincinnati,2006,4612,2767,368,1475,census_bps,
17460,Cincinnati,2007,3644,2186,291,1166,census_bps,
17460,Cincinnati,2008,2416,1449,193,773,census_bps,
17460,Cincinnati,2009,1617,970,129,517,census_bps,
17460,Cincinnati,2010,1450,870,116,464,census_bps,
17460,Cincinnati,2011,1538,922,123,492,census_bps,
17460,Cincinnati,2012,2186,1311,174,699,census_bps,
17460,Cincinnati,2013,2441,1464,195,781,census_bps,
17460,Cincinnati,2014,2672,1603,213,855,census_bps,
17460,Cincinnati,2015,3148,1888,251,1007,census_bps,
17460,Cincinnati,2016,3118,1870,249,997,census_bps,
17460,Cincinnati,2017,3473,2083,277,1111,census_bps,
17460,Cincinnati,2018,3393,2035,271,1085,census_bps,
17460,Cincinnati,2019,3429,2057,274,1097,census_bps,
17460,Cincinnati,2020,4105,2463,328,1313,census_bps,
17460,Cincinnati,2021,4449,2669,355,1423,census_bps,
17460,Cincinnati,2022,4289,2573,343,1372,census_bps,
17460,Cincinnati,2023,3677,2206,294,1176,census_bps,
17460,Cincinnati,2024,3720,2232,297,1190,census_bps,
18140,Columbus,2000,15392,10704,887,3801,census_bps,
18140,Columbus,2001,15802,10623,829,4350,census_bps,
18140,Columbus,2002,17160,10959,908,5293,census_bps,
18140,Columbus,2003,16609,12199,952,3458,census_bps,
18140,Columbus,2004,13413,10894,877,1642,census_bps,
18140,Columbus,2005,12536,8899,1370,2267,census_bps,
18140,Columbus,2006,7992,5738,817,1437,census_bps,
18140,Columbus,2007,6465,4381,570,1514,census_bps,
18140,Columbus,2008,4542,2651,497,1394,census_bps,
18140,Columbus,2009,4129,2602,195,1332,census_bps,
18140,Columbus,2010,4479,2915,217,1347,census_bps,
18140,Columbus,2011,4757,2443,302,2012,census_bps,
18140,Columbus,2012,6846,2944,322,3580,census_bps,
18140,Columbus,2013,8399,3529,418,4452,census_bps,
18140,Columbus,2014,7044,3497,343,3204,census_bps,
18140,Columbus,2015,7555,3523,330,3702,census_bps,
18140,Columbus,2016,8637,4157,328,4152,census_bps,
18140,Columbus,2017,8892,4295,158,4439,census_bps,
18140,Columbus,2018,9440,4493,336,4611,census_bps,
18140,Columbus,2019,8090,4389,258,3443,census_bps,
18140,Columbus,2020,12358,5481,265,6612,census_bps,
18140,Columbus,2021,12062,6844,162,5056,census_bps,
18140,Columbus,2022,12075,5603,180,6292,census_bps,
18140,Columbus,2023,11440,5364,370,5706,census_bps,
18140,Columbus,2024,13962,6094,223,7645,census_bps,
19100,Dallas-Fort Worth-Arlington,2000,44695,36129,511,8055,census_bps,
19100,Dallas-Fort Worth-Arlington,2001,49824,37842,356,11626,census_bps,
19100,Dallas-Fort Worth-Arlington,2002,51566,38258,1160,12148,census_bps,
19100,Dallas-Fort Worth-Arlington,2003,52807,40531,912,11364,census_bps,
19100,Dallas-Fort Worth-Arlington,2004,54170,45901,594,7675,census_bps,
19100,Dallas-Fort Worth-Arlington,2005,59895,49489,594,9812,census_bps,
19100,Dallas-Fort Worth-Arlington,2006,56503,43580,925,11998,census_bps,
19100,Dallas-Fort Worth-Arlington,2007,43558,28146,904,14508,census_bps,
19100,Dallas-Fort Worth-Arlington,2008,36318,17916,436,17966,census_bps,
19100,Dallas-Fort Worth-Arlington,2009,20364,14135,296,5933,census_bps,
19100,Dallas-Fort Worth-Arlington,2010,19555,14417,148,4990,census_bps,
19100,Dallas-Fort Worth-Arlington,2011,24825,14037,87,10701,census_bps,
19100,Dallas-Fort Worth-Arlington,2012,35038,18086,300,16652,census_bps,
19100,Dallas-Fort Worth-Arlington,2013,37908,21222,442,16244,census_bps,
19100,Dallas-Fort Worth-Arlington,2014,41279,22415,344,18520,census_bps,
19100,Dallas-Fort Worth-Arlington,2015,56993,28889,498,27606,census_bps,
19100,Dallas-Fort Worth-Arlington,2016,55625,29560,576,25489,census_bps,
19100,Dallas-Fort Worth-Arlington,2017,62317,34410,525,27382,census_bps,
19100,Dallas-Fort Worth-Arlington,2018,63609,36564,832,26213,census_bps,
19100,Dallas-Fort Worth-Arlington,2019,62708,34939,675,27094,census_bps,
19100,Dallas-Fort Worth-Arlington,2020,60812,44005,1049,15758,census_bps,
19100,Dallas-Fort Worth-Arlington,2021,78705,51996,1468,25241,census_bps,
19100,Dallas-Fort Worth-Arlington,2022,77927,43685,2000,32242,census_bps,
19100,Dallas-Fort Worth-Arlington,2023,68029,44366,1348,22315,census_bps,
19100,Dallas-Fort Worth-Arlington,2024,71788,46440,2198,23150,census_bps,
19740,Denver-Aurora-Lakewood,2000,27571,16156,631,10784,census_bps,
19740,Denver-Aurora-Lakewood,2001,27709,15319,550,11840,census_bps,
19740,Denver-Aurora-Lakewood,2002,22378,14318,670,7390,census_bps,
19740,Denver-Aurora-Lakewood,2003,17359,14162,362,2835,census_bps,
19740,Denver-Aurora-Lakewood,2004,21836,18599,348,2889,census_bps,
19740,Denver-Aurora-Lakewood,2005,20849,17745,348,2756,census_bps,
19740,Denver-Aurora-Lakewood,2006,18070,13166,373,4531,census_bps,
19740,Denver-Aurora-Lakewood,2007,14217,7859,374,5984,census_bps,
19740,Denver-Aurora-Lakewood,2008,8814,4003,206,4605,census_bps,
19740,Denver-Aurora-Lakewood,2009,4112,2723,110,1279,census_bps,
19740,Denver-Aurora-Lakewood,2010,5042,3660,247,1135,census_bps,
19740,Denver-Aurora-Lakewood,2011,6673,3630,261,2782,census_bps,
19740,Denver-Aurora-Lakewood,2012,13760,5606,239,7915,census_bps,
19740,Denver-Aurora-Lakewood,2013,15475,6965,322,8188,census_bps,
19740,Denver-Aurora-Lakewood,2014,15767,8064,371,7332,census_bps,
19740,Denver-Aurora-Lakewood,2015,18326,9324,324,8678,census_bps,
19740,Denver-Aurora-Lakewood,2016,21947,10247,486,11214,census_bps,
19740,Denver-Aurora-Lakewood,2017,22735,10978,366,11391,census_bps,
19740,Denver-Aurora-Lakewood,2018,21729,11808,358,9563,census_bps,
19740,Denver-Aurora-Lakewood,2019,19308,11081,190,8037,census_bps,
19740,Denver-Aurora-Lakewood,2020,19732,11234,353,8145,census_bps,
19740,Denver-Aurora-Lakewood,2021,30006,13113,865,16028,census_bps,
19740,Denver-Aurora-Lakewood,2022,23009,10099,568,12342,census_bps,
19740,Denver-Aurora-Lakewood,2023,20650,9012,276,11362,census_bps,
19740,Denver-Aurora-Lakewood,2024,15570,9012,129,6429,census_bps,
24340,Grand Rapids-Kentwood,2000,6116,5146,203,767,census_bps,
24340,Grand Rapids-Kentwood,2001,6377,5310,150,917,census_bps,
24340,Grand Rapids-Kentwood,2002,6597,5356,286,955,census_bps,
24340,Grand Rapids-Kentwood,2003,6782,5623,430,729,census_bps,
24340,Grand Rapids-Kentwood,2004,6895,5679,339,877,census_bps,
24340,Grand Rapids-Kentwood,2005,5837,5203,122,512,census_bps,
24340,Grand Rapids-Kentwood,2006,4295,3638,93,564,census_bps,
24340,Grand Rapids-Kentwood,2007,2892,2367,98,427,census_bps,
24340,Grand Rapids-Kentwood,2008,1749,1488,20,241,census_bps,
24340,Grand Rapids-Kentwood,2009,1226,1152,16,58,census_bps,
24340,Grand Rapids-Kentwood,2010,1299,1255,13,31,census_bps,
24340,Grand Rapids-Kentwood,2011,1512,1328,14,170,census_bps,
24340,Grand Rapids-Kentwood,2012,2065,1726,38,301,census_bps,
24340,Grand Rapids-Kentwood,2013,2343,2124,50,169,census_bps,
24340,Grand Rapids-Kentwood,2014,3224,2326,75,823,census_bps,
24340,Grand Rapids-Kentwood,2015,3731,2554,71,1106,census_bps,
24340,Grand Rapids-Kentwood,2016,4802,2734,119,1949,census_bps,
24340,Grand Rapids-Kentwood,2017,4932,3046,62,1824,census_bps,
24340,Grand Rapids-Kentwood,2018,3970,2865,202,903,census_bps,
24340,Grand Rapids-Kentwood,2019,4367,2743,187,1437,census_bps,
24340,Grand Rapids-Kentwood,2020,3624,2698,104,822,census_bps,
24340,Grand Rapids-Kentwood,2021,3938,3044,220,674,census_bps,
24340,Grand Rapids-Kentwood,2022,4393,2683,269,1441,census_bps,
24340,Grand Rapids-Kentwood,2023,3754,2556,247,951,census_bps,
24340,Grand Rapids-Kentwood,2024,3861,2415,94,1352,census_bps,
25540,Hartford-East Hartford-Middletown,2000,914,548,73,292,census_bps,
25540,Hartford-East Hartford-Middletown,2001,917,550,73,293,census_bps,
25540,Hartford-East Hartford-Middletown,2002,950,570,76,304,census_bps,
25540,Hartford-East Hartford-Middletown,2003,1088,652,87,348,census_bps,
25540,Hartford-East Hartford-Middletown,2004,1198,718,95,383,census_bps,
25540,Hartford-East Hartford-Middletown,2005,1255,753,100,401,census_bps,
25540,Hartford-East Hartford-Middletown,2006,1092,655,87,349,census_bps,
25540,Hartford-East Hartford-Middletown,2007,921,552,73,294,census_bps,
25540,Hartford-East Hartford-Middletown,2008,670,402,53,214,census_bps,
25540,Hartford-East Hartford-Middletown,2009,440,264,35,140,census_bps,
25540,Hartford-East Hartford-Middletown,2010,386,231,30,123,census_bps,
25540,Hartford-East Hartford-Middletown,2011,416,249,33,133,census_bps,
25540,Hartford-East Hartford-Middletown,2012,544,326,43,174,census_bps,
25540,Hartford-East Hartford-Middletown,2013,676,405,54,216,census_bps,
25540,Hartford-East Hartford-Middletown,2014,811,486,64,259,census_bps,
25540,Hartford-East Hartford-Middletown,2015,922,553,73,295,census_bps,
25540,Hartford-East Hartford-Middletown,2016,872,523,69,279,census_bps,
25540,Hartford-East Hartford-Middletown,2017,957,574,76,306,census_bps,
25540,Hartford-East Hartford-Middletown,2018,965,579,77,308,census_bps,
25540,Hartford-East Hartford-Middletown,2019,952,571,76,304,census_bps,
25540,Hartford-East Hartford-Middletown,2020,1038,622,83,332,census_bps,
25540,Hartford-East Hartford-Middletown,2021,1292,775,103,413,census_bps,
25540,Hartford-East Hartford-Middletown,2022,1137,682,90,363,census_bps,
25540,Hartford-East Hartford-Middletown,2023,2058,614,59,1385,census_bps,
25540,Hartford-East Hartford-Middletown,2023,1138,682,91,364,census_bps,
25540,Hartford-East Hartford-Middletown,2024,1887,642,76,1169,census_bps,
25540,Hartford-East Hartford-Middletown,2024,886,531,70,283,census_bps,
26420,Houston-The Woodlands-Sugar Land,2000,36025,28180,214,7631,census_bps,
26420,Houston-The Woodlands-Sugar Land,2001,37613,30496,474,6643,census_bps,
26420,Houston-The Woodlands-Sugar Land,2002,47092,34685,1025,11382,census_bps,
26420,Houston-The Woodlands-Sugar Land,2003,56571,39810,175,16586,census_bps,
26420,Houston-The Woodlands-Sugar Land,2004,56036,45103,331,10602,census_bps,
26420,Houston-The Woodlands-Sugar Land,2005,62125,51205,452,10468,census_bps,
26420,Houston-The Woodlands-Sugar Land,2006,71719,55162,824,15733,census_bps,
26420,Houston-The Woodlands-Sugar Land,2007,63274,42217,745,20312,census_bps,
26420,Houston-The Woodlands-Sugar Land,2008,42728,28192,371,14165,census_bps,
26420,Houston-The Woodlands-Sugar Land,2009,27326,22369,248,4709,census_bps,
26420,Houston-The Woodlands-Sugar Land,2010,27452,22330,264,4858,census_bps,
26420,Houston-The Woodlands-Sugar Land,2011,31271,22889,101,8281,census_bps,
26420,Houston-The Woodlands-Sugar Land,2012,43290,28628,137,14525,census_bps,
26420,Houston-The Woodlands-Sugar Land,2013,51333,34542,142,16649,census_bps,
26420,Houston-The Woodlands-Sugar Land,2014,63743,38317,382,25044,census_bps,
26420,Houston-The Woodlands-Sugar Land,2015,57078,36963,317,19798,census_bps,
26420,Houston-The Woodlands-Sugar Land,2016,44997,35632,311,9054,census_bps,
26420,Houston-The Woodlands-Sugar Land,2017,42763,36716,325,5722,census_bps,
26420,Houston-The Woodlands-Sugar Land,2018,57664,40697,360,16607,census_bps,
26420,Houston-The Woodlands-Sugar Land,2019,64066,39901,357,23808,census_bps,
26420,Houston-The Woodlands-Sugar Land,2020,70997,50372,341,20284,census_bps,
26420,Houston-The Woodlands-Sugar Land,2021,69838,53294,896,15648,census_bps,
26420,Houston-The Woodlands-Sugar Land,2022,76219,48192,903,27124,census_bps,
26420,Houston-The Woodlands-Sugar Land,2023,69303,50992,1820,16491,census_bps,
26420,Houston-The Woodlands-Sugar Land,2024,65747,52703,1539,11505,census_bps,
26900,Indianapolis-Carmel-Anderson,2000,15549,12875,556,2118,census_bps,
26900,Indianapolis-Carmel-Anderson,2001,17453,14979,536,1938,census_bps,
26900,Indianapolis-Carmel-Anderson,2002,16828,13326,584,2918,census_bps,
26900,Indianapolis-Carmel-Anderson,2003,16363,13142,596,2625,census_bps,
26900,Indianapolis-Carmel-Anderson,2004,15791,12721,740,2330,census_bps,
26900,Indianapolis-Carmel-Anderson,2005,16046,12910,683,2453,census_bps,
26900,Indianapolis-Carmel-Anderson,2006,11634,9581,680,1373,census_bps,
26900,Indianapolis-Carmel-Anderson,2007,8467,7264,459,744,census_bps,
26900,Indianapolis-Carmel-Anderson,2008,7034,4428,185,2421,census_bps,
26900,Indianapolis-Carmel-Anderson,2009,5635,3628,139,1868,census_bps,
26900,Indianapolis-Carmel-Anderson,2010,5943,3845,373,1725,census_bps,
26900,Indianapolis-Carmel-Anderson,2011,5317,3669,166,1482,census_bps,
26900,Indianapolis-Carmel-Anderson,2012,4977,4047,196,734,census_bps,
26900,Indianapolis-Carmel-Anderson,2013,8176,5073,251,2852,census_bps,
26900,Indianapolis-Carmel-Anderson,2014,7948,4937,251,2760,census_bps,
26900,Indianapolis-Carmel-Anderson,2015,8689,5128,202,3359,census_bps,
26900,Indianapolis-Carmel-Anderson,2016,7722,5783,308,1631,census_bps,
26900,Indianapolis-Carmel-Anderson,2017,8985,6673,185,2127,census_bps,
26900,Indianapolis-Carmel-Anderson,2018,8777,7176,125,1476,census_bps,
26900,Indianapolis-Carmel-Anderson,2019,9534,7025,202,2307,census_bps,
26900,Indianapolis-Carmel-Anderson,2020,10862,8269,354,2239,census_bps,
26900,Indianapolis-Carmel-Anderson,2021,13332,10046,406,2880,census_bps,
26900,Indianapolis-Carmel-Anderson,2022,13441,8528,242,4671,census_bps,
26900,Indianapolis-Carmel-Anderson,2023,12479,7179,340,4960,census_bps,
26900,Indianapolis-Carmel-Anderson,2024,11788,9168,306,2314,census_bps,
27260,Jacksonville,2000,10682,7966,150,2566,census_bps,
27260,Jacksonville,2001,12750,9722,71,2957,census_bps,
27260,Jacksonville,2002,14361,10989,78,3294,census_bps,
27260,Jacksonville,2003,15821,12784,155,2882,census_bps,
27260,Jacksonville,2004,19326,14683,162,4481,census_bps,
27260,Jacksonville,2005,25088,18610,292,6186,census_bps,
27260,Jacksonville,2006,16967,11500,339,5128,census_bps,
27260,Jacksonville,2007,10928,7348,179,3401,census_bps,
27260,Jacksonville,2008,6963,5149,111,1703,census_bps,
27260,Jacksonville,2009,4666,3323,26,1317,census_bps,
27260,Jacksonville,2010,3606,3387,36,183,census_bps,
27260,Jacksonville,2011,3911,3245,41,625,census_bps,
27260,Jacksonville,2012,7166,4579,53,2534,census_bps,
27260,Jacksonville,2013,7358,6281,47,1030,census_bps,
27260,Jacksonville,2014,7781,6299,269,1213,census_bps,
27260,Jacksonville,2015,9671,7253,98,2320,census_bps,
27260,Jacksonville,2016,11768,8597,151,3020,census_bps,
27260,Jacksonville,2017,12959,9833,115,3011,census_bps,
27260,Jacksonville,2018,15450,10755,119,4576,census_bps,
27260,Jacksonville,2019,14687,11583,111,2993,census_bps,
27260,Jacksonville,2020,17246,13210,108,3928,census_bps,
27260,Jacksonville,2021,22738,16536,329,5873,census_bps,
27260,Jacksonville,2022,23163,14410,145,8608,census_bps,
27260,Jacksonville,2023,20326,12479,433,7414,census_bps,
27260,Jacksonville,2024,15002,12936,313,1753,census_bps,
28140,Kansas City,2000,12905,9265,983,2657,census_bps,
28140,Kansas City,2001,14981,9763,1198,4020,census_bps,
28140,Kansas City,2002,13870,10802,1306,1762,census_bps,
28140,Kansas City,2003,14734,11737,1126,1871,census_bps,
28140,Kansas City,2004,14918,12427,1121,1370,census_bps,
28140,Kansas City,2005,14997,11963,1259,1775,census_bps,
28140,Kansas City,2006,13075,8592,1264,3219,census_bps,
28140,Kansas City,2007,8024,5929,749,1346,census_bps,
28140,Kansas City,2008,5244,2556,603,2085,census_bps,
28140,Kansas City,2009,3365,1824,138,1403,census_bps,
28140,Kansas City,2010,2681,2125,128,428,census_bps,
28140,Kansas City,2011,3262,2338,166,758,census_bps,
28140,Kansas City,2012,4956,3274,196,1486,census_bps,
28140,Kansas City,2013,7504,4201,196,3107,census_bps,
28140,Kansas City,2014,8201,4170,393,3638,census_bps,
28140,Kansas City,2015,8954,4547,486,3921,census_bps,
28140,Kansas City,2016,10389,5292,657,4440,census_bps,
28140,Kansas City,2017,9851,5951,696,3204,census_bps,
28140,Kansas City,2018,10268,5608,646,4014,census_bps,
28140,Kansas City,2019,9347,4811,605,3931,census_bps,
28140,Kansas City,2020,10728,6173,630,3925,census_bps,
28140,Kansas City,2021,11254,7051,708,3495,census_bps,
28140,Kansas City,2022,11213,5198,625,5390,census_bps,
28140,Kansas City,2023,7514,4299,482,2733,census_bps,
28140,Kansas City,2024,9148,4875,878,3395,census_bps,
29820,Las Vegas-Henderson-Paradise,2000,26224,21282,254,4688,census_bps,
29820,Las Vegas-Henderson-Paradise,2001,29707,21871,390,7446,census_bps,
29820,Las Vegas-Henderson-Paradise,2002,29156,22148,200,6808,census_bps,
29820,Las Vegas-Henderson-Paradise,2003,36732,27354,880,8498,census_bps,
29820,Las Vegas-Henderson-Paradise,2004,36395,31741,1685,2969,census_bps,
29820,Las Vegas-Henderson-Paradise,2005,39237,30479,1251,7507,census_bps,
29820,Las Vegas-Henderson-Paradise,2006,33728,21590,738,11400,census_bps,
29820,Las Vegas-Henderson-Paradise,2007,24089,13310,655,10124,census_bps,
29820,Las Vegas-Henderson-Paradise,2008,12537,5840,238,6459,census_bps,
29820,Las Vegas-Henderson-Paradise,2009,5688,3777,289,1622,census_bps,
29820,Las Vegas-Henderson-Paradise,2010,5474,4623,142,709,census_bps,
29820,Las Vegas-Henderson-Paradise,2011,5147,3817,63,1267,census_bps,
29820,Las Vegas-Henderson-Paradise,2012,7375,6108,76,1191,census_bps,
29820,Las Vegas-Henderson-Paradise,2013,8573,7067,223,1283,census_bps,
29820,Las Vegas-Henderson-Paradise,2014,10036,6809,121,3106,census_bps,
29820,Las Vegas-Henderson-Paradise,2015,10605,7805,53,2747,census_bps,
29820,Las Vegas-Henderson-Paradise,2016,13577,8805,45,4727,census_bps,
29820,Las Vegas-Henderson-Paradise,2017,14073,9812,213,4048,census_bps,
29820,Las Vegas-Henderson-Paradise,2018,12044,9721,52,2271,census_bps,
29820,Las Vegas-Henderson-Paradise,2019,13903,10042,181,3680,census_bps,
29820,Las Vegas-Henderson-Paradise,2020,14100,10038,1122,2940,census_bps,
29820,Las Vegas-Henderson-Paradise,2021,16307,12156,732,3419,census_bps,
29820,Las Vegas-Henderson-Paradise,2022,13066,9199,286,3581,census_bps,
29820,Las Vegas-Henderson-Paradise,2023,13073,10087,250,2736,census_bps,
29820,Las Vegas-Henderson-Paradise,2024,14754,12277,176,2301,census_bps,
31080,Los Angeles-Long Beach-Anaheim,2000,29488,15186,1419,12883,census_bps,
31080,Los Angeles-Long Beach-Anaheim,2001,26905,14318,1291,11296,census_bps,
31080,Los Angeles-Long Beach-Anaheim,2002,28250,15074,885,12291,census_bps,
31080,Los Angeles-Long Beach-Anaheim,2003,30151,16434,1336,12381,census_bps,
31080,Los Angeles-Long Beach-Anaheim,2004,35785,17591,1265,16929,census_bps,
31080,Los Angeles-Long Beach-Anaheim,2005,30641,16626,1723,12292,census_bps,
31080,Los Angeles-Long Beach-Anaheim,2006,33505,13686,1476,18343,census_bps,
31080,Los Angeles-Long Beach-Anaheim,2007,26616,9381,1275,15960,census_bps,
31080,Los Angeles-Long Beach-Anaheim,2008,15045,4579,821,9645,census_bps,
31080,Los Angeles-Long Beach-Anaheim,2009,7281,3609,630,3042,census_bps,
31080,Los Angeles-Long Beach-Anaheim,2010,10394,4008,671,5715,census_bps,
31080,Los Angeles-Long Beach-Anaheim,2011,14247,4097,522,9628,census_bps,
31080,Los Angeles-Long Beach-Anaheim,2012,17447,4946,816,11685,census_bps,
31080,Los Angeles-Long Beach-Anaheim,2013,25198,7509,996,16693,census_bps,
31080,Los Angeles-Long Beach-Anaheim,2014,26950,8300,894,17756,census_bps,
31080,Los Angeles-Long Beach-Anaheim,2015,34034,8447,1316,24271,census_bps,
31080,Los Angeles-Long Beach-Anaheim,2016,32114,9379,1522,21213,census_bps,
31080,Los Angeles-Long Beach-Anaheim,2017,31084,10587,1769,18728,census_bps,
31080,Los Angeles-Long Beach-Anaheim,2018,29524,10042,2050,17432,census_bps,
31080,Los Angeles-Long Beach-Anaheim,2019,30554,9306,2052,19196,census_bps,
31080,Los Angeles-Long Beach-Anaheim,2020,26930,9737,1672,15521,census_bps,
31080,Los Angeles-Long Beach-Anaheim,2021,31151,11090,1794,18267,census_bps,
31080,Los Angeles-Long Beach-Anaheim,2022,32873,11199,2040,19634,census_bps,
31080,Los Angeles-Long Beach-Anaheim,2023,30767,12035,2078,16654,census_bps,
31080,Los Angeles-Long Beach-Anaheim,2024,26781,11777,1735,13269,census_bps,
31140,Louisville/Jefferson County,2000,7942,6489,144,1309,census_bps,
31140,Louisville/Jefferson County,2001,7895,6730,134,1031,census_bps,
31140,Louisville/Jefferson County,2002,7847,6431,225,1191,census_bps,
31140,Louisville/Jefferson County,2003,8632,7227,193,1212,census_bps,
31140,Louisville/Jefferson County,2004,8689,7592,218,879,census_bps,
31140,Louisville/Jefferson County,2005,7134,6503,130,501,census_bps,
31140,Louisville/Jefferson County,2006,5665,4709,209,747,census_bps,
31140,Louisville/Jefferson County,2007,6062,4443,156,1463,census_bps,
31140,Louisville/Jefferson County,2008,3691,2561,72,1058,census_bps,
31140,Louisville/Jefferson County,2009,2410,2154,91,165,census_bps,
31140,Louisville/Jefferson County,2010,2525,2009,56,460,census_bps,
31140,Louisville/Jefferson County,2011,2397,1737,69,591,census_bps,
31140,Louisville/Jefferson County,2012,3671,2365,92,1214,census_bps,
31140,Louisville/Jefferson County,2013,4017,2551,79,1387,census_bps,
31140,Louisville/Jefferson County,2014,4263,2611,121,1531,census_bps,
31140,Louisville/Jefferson County,2015,4159,2904,152,1103,census_bps,
31140,Louisville/Jefferson County,2016,5367,3340,45,1982,census_bps,
31140,Louisville/Jefferson County,2017,6031,3644,122,2265,census_bps,
31140,Louisville/Jefferson County,2018,5767,3338,60,2369,census_bps,
31140,Louisville/Jefferson County,2019,6169,3457,138,2574,census_bps,
31140,Louisville/Jefferson County,2020,4963,4000,163,800,census_bps,
31140,Louisville/Jefferson County,2021,5934,4502,130,1302,census_bps,
31140,Louisville/Jefferson County,2022,5820,3699,146,1975,census_bps,
31140,Louisville/Jefferson County,2023,7129,3249,184,3696,census_bps,
31140,Louisville/Jefferson County,2024,5796,3690,212,1894,census_bps,
32820,Memphis,2000,10739,6313,250,4176,census_bps,
32820,Memphis,2001,8060,6448,318,1294,census_bps,
32820,Memphis,2002,9085,7463,120,1502,census_bps,
32820,Memphis,2003,9606,8548,52,1006,census_bps,
32820,Memphis,2004,10131,8891,102,1138,census_bps,
32820,Memphis,2005,10794,9712,24,1058,census_bps,
32820,Memphis,2006,10251,8615,211,1425,census_bps,
32820,Memphis,2007,8078,5676,77,2325,census_bps,
32820,Memphis,2008,3106,2335,126,645,census_bps,
32820,Memphis,2009,2034,1570,0,464,census_bps,
32820,Memphis,2010,2429,1653,127,649,census_bps,
32820,Memphis,2011,2210,1645,14,551,census_bps,
32820,Memphis,2012,3507,2220,363,924,census_bps,
32820,Memphis,2013,3652,2470,159,1023,census_bps,
32820,Memphis,2014,3154,2539,8,607,census_bps,
32820,Memphis,2015,3951,2573,8,1370,census_bps,
32820,Memphis,2016,4354,3002,36,1316,census_bps,
32820,Memphis,2017,3860,3193,90,577,census_bps,
32820,Memphis,2018,4492,3185,2,1305,census_bps,
32820,Memphis,2019,3674,3319,12,343,census_bps,
32820,Memphis,2020,4797,3887,38,872,census_bps,
32820,Memphis,2021,5205,4284,26,895,census_bps,
32820,Memphis,2022,4301,3485,2,814,census_bps,
32820,Memphis,2023,4058,3062,16,980,census_bps,
32820,Memphis,2024,4240,2773,24,1443,census_bps,
33100,Miami-Fort Lauderdale-Pompano Beach,2000,34949,21927,1266,11756,census_bps,
33100,Miami-Fort Lauderdale-Pompano Beach,2001,35532,22641,1192,11699,census_bps,
33100,Miami-Fort Lauderdale-Pompano Beach,2002,39594,21516,753,17325,census_bps,
33100,Miami-Fort Lauderdale-Pompano Beach,2003,39595,23540,1168,14887,census_bps,
33100,Miami-Fort Lauderdale-Pompano Beach,2004,46084,24653,904,20527,census_bps,
33100,Miami-Fort Lauderdale-Pompano Beach,2005,45562,22220,1129,22213,census_bps,
33100,Miami-Fort Lauderdale-Pompano Beach,2006,35110,14750,994,19366,census_bps,
33100,Miami-Fort Lauderdale-Pompano Beach,2007,15145,7101,589,7455,census_bps,
33100,Miami-Fort Lauderdale-Pompano Beach,2008,7821,3272,353,4196,census_bps,
33100,Miami-Fort Lauderdale-Pompano Beach,2009,3875,2289,218,1368,census_bps,
33100,Miami-Fort Lauderdale-Pompano Beach,2010,5877,3171,186,2520,census_bps,
33100,Miami-Fort Lauderdale-Pompano Beach,2011,7532,4303,128,3101,census_bps,
33100,Miami-Fort Lauderdale-Pompano Beach,2012,13261,5089,140,8032,census_bps,
33100,Miami-Fort Lauderdale-Pompano Beach,2013,19921,6369,188,13364,census_bps,
33100,Miami-Fort Lauderdale-Pompano Beach,2014,15259,5791,196,9272,census_bps,
33100,Miami-Fort Lauderdale-Pompano Beach,2015,23450,7142,249,16059,census_bps,
33100,Miami-Fort Lauderdale-Pompano Beach,2016,18742,6705,303,11734,census_bps,
33100,Miami-Fort Lauderdale-Pompano Beach,2017,19723,6655,271,12797,census_bps,
33100,Miami-Fort Lauderdale-Pompano Beach,2018,19553,7022,628,11903,census_bps,
33100,Miami-Fort Lauderdale-Pompano Beach,2019,20688,7241,483,12964,census_bps,
33100,Miami-Fort Lauderdale-Pompano Beach,2020,21758,7808,703,13247,census_bps,
33100,Miami-Fort Lauderdale-Pompano Beach,2021,25313,8316,448,16549,census_bps,
33100,Miami-Fort Lauderdale-Pompano Beach,2022,19721,6971,423,12327,census_bps,
33100,Miami-Fort Lauderdale-Pompano Beach,2023,21320,5512,581,15227,census_bps,
33100,Miami-Fort Lauderdale-Pompano Beach,2024,16352,5825,522,10005,census_bps,
33340,Milwaukee-Waukesha,2000,5631,3581,538,1512,census_bps,
33340,Milwaukee-Waukesha,2001,5879,3564,505,1810,census_bps,
33340,Milwaukee-Waukesha,2002,5936,3456,572,1908,census_bps,
33340,Milwaukee-Waukesha,2003,6467,3939,499,2029,census_bps,
33340,Milwaukee-Waukesha,2004,5902,3840,467,1595,census_bps,
33340,Milwaukee-Waukesha,2005,5444,3361,502,1581,census_bps,
33340,Milwaukee-Waukesha,2006,4290,2624,338,1328,census_bps,
33340,Milwaukee-Waukesha,2007,3266,2082,203,981,census_bps,
33340,Milwaukee-Waukesha,2008,2444,1234,109,1101,census_bps,
33340,Milwaukee-Waukesha,2009,1443,891,74,478,census_bps,
33340,Milwaukee-Waukesha,2010,1941,967,71,903,census_bps,
33340,Milwaukee-Waukesha,2011,1593,915,84,594,census_bps,
33340,Milwaukee-Waukesha,2012,1793,1064,65,664,census_bps,
33340,Milwaukee-Waukesha,2013,2000,1326,70,604,census_bps,
33340,Milwaukee-Waukesha,2014,2416,1318,80,1018,census_bps,
33340,Milwaukee-Waukesha,2015,3048,1416,44,1588,census_bps,
33340,Milwaukee-Waukesha,2016,4055,1671,56,2328,census_bps,
33340,Milwaukee-Waukesha,2017,3693,1588,110,1995,census_bps,
33340,Milwaukee-Waukesha,2018,3791,1734,151,1906,census_bps,
33340,Milwaukee-Waukesha,2019,2440,1509,225,706,census_bps,
33340,Milwaukee-Waukesha,2020,2753,1586,362,805,census_bps,
33340,Milwaukee-Waukesha,2021,2981,1811,383,787,census_bps,
33340,Milwaukee-Waukesha,2022,3201,1576,376,1249,census_bps,
33340,Milwaukee-Waukesha,2023,2864,1426,284,1154,census_bps,
33340,Milwaukee-Waukesha,2024,4058,1712,330,2016,census_bps,
33460,Minneapolis-St. Paul-Bloomington,2000,22703,17086,1020,4597,census_bps,
33460,Minneapolis-St. Paul-Bloomington,2001,23444,17496,1221,4727,census_bps,
33460,Minneapolis-St. Paul-Bloomington,2002,26199,18007,1056,7136,census_bps,
33460,Minneapolis-St. Paul-Bloomington,2003,28123,20874,1223,6026,census_bps,
33460,Minneapolis-St. Paul-Bloomington,2004,28314,20762,939,6613,census_bps,
33460,Minneapolis-St. Paul-Bloomington,2005,22562,17536,578,4448,census_bps,
33460,Minneapolis-St. Paul-Bloomington,2006,16029,12204,259,3566,census_bps,
33460,Minneapolis-St. Paul-Bloomington,2007,10206,7797,198,2211,census_bps,
33460,Minneapolis-St. Paul-Bloomington,2008,5871,4251,123,1497,census_bps,
33460,Minneapolis-St. Paul-Bloomington,2009,4733,3690,71,972,census_bps,
33460,Minneapolis-St. Paul-Bloomington,2010,5779,3858,163,1758,census_bps,
33460,Minneapolis-St. Paul-Bloomington,2011,5217,3821,28,1368,census_bps,
33460,Minneapolis-St. Paul-Bloomington,2012,11562,5819,124,5619,census_bps,
33460,Minneapolis-St. Paul-Bloomington,2013,12119,7254,99,4766,census_bps,
33460,Minneapolis-St. Paul-Bloomington,2014,11408,6672,127,4609,census_bps,
33460,Minneapolis-St. Paul-Bloomington,2015,11651,6752,123,4776,census_bps,
33460,Minneapolis-St. Paul-Bloomington,2016,14143,7876,161,6106,census_bps,
33460,Minneapolis-St. Paul-Bloomington,2017,15075,8761,232,6082,census_bps,
33460,Minneapolis-St. Paul-Bloomington,2018,18176,8958,222,8996,census_bps,
33460,Minneapolis-St. Paul-Bloomington,2019,22414,9610,237,12567,census_bps,
33460,Minneapolis-St. Paul-Bloomington,2020,22341,10277,286,11778,census_bps,
33460,Minneapolis-St. Paul-Bloomington,2021,26077,11734,451,13892,census_bps,
33460,Minneapolis-St. Paul-Bloomington,2022,23725,9114,386,14225,census_bps,
33460,Minneapolis-St. Paul-Bloomington,2023,18633,8245,348,10040,census_bps,
33460,Minneapolis-St. Paul-Bloomington,2024,14022,9300,389,4333,census_bps,
34980,Nashville-Davidson-Murfreesboro-Franklin,2000,11494,9550,263,1681,census_bps,
34980,Nashville-Davidson-Murfreesboro-Franklin,2001,13001,11253,305,1443,census_bps,
34980,Nashville-Davidson-Murfreesboro-Franklin,2002,13028,11882,305,841,census_bps,
34980,Nashville-Davidson-Murfreesboro-Franklin,2003,14936,12904,261,1771,census_bps,
34980,Nashville-Davidson-Murfreesboro-Franklin,2004,17983,14567,471,2945,census_bps,
34980,Nashville-Davidson-Murfreesboro-Franklin,2005,18590,16000,407,2183,census_bps,
34980,Nashville-Davidson-Murfreesboro-Franklin,2006,17283,15625,335,1323,census_bps,
34980,Nashville-Davidson-Murfreesboro-Franklin,2007,14860,12039,193,2628,census_bps,
34980,Nashville-Davidson-Murfreesboro-Franklin,2008,8816,6291,66,2459,census_bps,
34980,Nashville-Davidson-Murfreesboro-Franklin,2009,5300,4324,44,932,census_bps,
34980,Nashville-Davidson-Murfreesboro-Franklin,2010,5433,4279,65,1089,census_bps,
34980,Nashville-Davidson-Murfreesboro-Franklin,2011,5796,4487,91,1218,census_bps,
34980,Nashville-Davidson-Murfreesboro-Franklin,2012,8789,5882,56,2851,census_bps,
34980,Nashville-Davidson-Murfreesboro-Franklin,2013,11578,7697,263,3618,census_bps,
34980,Nashville-Davidson-Murfreesboro-Franklin,2014,14944,9075,94,5775,census_bps,
34980,Nashville-Davidson-Murfreesboro-Franklin,2015,18291,11417,128,6746,census_bps,
34980,Nashville-Davidson-Murfreesboro-Franklin,2016,20182,12830,153,7199,census_bps,
34980,Nashville-Davidson-Murfreesboro-Franklin,2017,20631,13650,182,6799,census_bps,
34980,Nashville-Davidson-Murfreesboro-Franklin,2018,19159,13470,99,5590,census_bps,
34980,Nashville-Davidson-Murfreesboro-Franklin,2019,22812,14564,113,8135,census_bps,
34980,Nashville-Davidson-Murfreesboro-Franklin,2020,27242,15631,355,11256,census_bps,
34980,Nashville-Davidson-Murfreesboro-Franklin,2021,32322,17551,293,14478,census_bps,
34980,Nashville-Davidson-Murfreesboro-Franklin,2022,28438,15507,337,12594,census_bps,
34980,Nashville-Davidson-Murfreesboro-Franklin,2023,23676,13960,139,9577,census_bps,
34980,Nashville-Davidson-Murfreesboro-Franklin,2024,20038,14465,163,5410,census_bps,
35380,New Orleans-Metairie,2000,2164,1691,138,335,census_bps,
35380,New Orleans-Metairie,2001,2616,1870,31,715,census_bps,
35380,New Orleans-Metairie,2002,2687,2113,180,394,census_bps,
35380,New Orleans-Metairie,2003,3035,2611,415,9,census_bps,
35380,New Orleans-Metairie,2004,3054,2625,278,151,census_bps,
35380,New Orleans-Metairie,2005,2444,2192,186,66,census_bps,
35380,New Orleans-Metairie,2006,2892,2441,260,191,census_bps,
35380,New Orleans-Metairie,2007,4739,2423,377,1939,census_bps,
35380,New Orleans-Metairie,2008,3772,1870,610,1292,census_bps,
35380,New Orleans-Metairie,2009,2281,1639,337,305,census_bps,
35380,New Orleans-Metairie,2010,1633,1335,215,83,census_bps,
35380,New Orleans-Metairie,2011,1667,1286,277,104,census_bps,
35380,New Orleans-Metairie,2012,1398,1120,230,48,census_bps,
35380,New Orleans-Metairie,2013,1476,1303,147,26,census_bps,
35380,New Orleans-Metairie,2014,1676,1200,203,273,census_bps,
35380,New Orleans-Metairie,2015,1240,844,54,342,census_bps,
35380,New Orleans-Metairie,2016,1575,1087,117,371,census_bps,
35380,New Orleans-Metairie,2017,1528,1292,138,98,census_bps,
35380,New Orleans-Metairie,2018,2434,1624,188,622,census_bps,
35380,New Orleans-Metairie,2019,2391,1618,251,522,census_bps,
35380,New Orleans-Metairie,2020,2683,1898,305,480,census_bps,
35380,New Orleans-Metairie,2021,3322,2062,336,924,census_bps,
35380,New Orleans-Metairie,2022,1951,1452,399,100,census_bps,
35380,New Orleans-Metairie,2023,2246,1047,503,696,census_bps,
35380,New Orleans-Metairie,2024,1611,1007,336,268,census_bps,
35620,New York-Newark-Jersey City,2000,48735,24684,7626,16425,census_bps,
35620,New York-Newark-Jersey City,2001,43502,20201,8657,14644,census_bps,
35620,New York-Newark-Jersey City,2002,45793,19886,9377,16530,census_bps,
35620,New York-Newark-Jersey City,2003,48924,18695,11850,18379,census_bps,
35620,New York-Newark-Jersey City,2004,55821,18823,14542,22456,census_bps,
35620,New York-Newark-Jersey City,2005,66174,20391,13470,32313,census_bps,
35620,New York-Newark-Jersey City,2006,59982,15479,13271,31232,census_bps,
35620,New York-Newark-Jersey City,2007,55694,11849,9507,34338,census_bps,
35620,New York-Newark-Jersey City,2008,51174,8382,3600,39192,census_bps,
35620,New York-Newark-Jersey City,2009,16477,6266,1752,8459,census_bps,
35620,New York-Newark-Jersey City,2010,18479,6821,2249,9409,census_bps,
35620,New York-Newark-Jersey City,2011,21431,5901,1890,13640,census_bps,
35620,New York-Newark-Jersey City,2012,26820,6737,2045,18038,census_bps,
35620,New York-Newark-Jersey City,2013,39748,10068,2339,27341,census_bps,
35620,New York-Newark-Jersey City,2014,46625,11028,2350,33247,census_bps,
35620,New York-Newark-Jersey City,2015,84964,10506,2358,72100,census_bps,
35620,New York-Newark-Jersey City,2016,41723,9601,2436,29686,census_bps,
35620,New York-Newark-Jersey City,2017,48982,10393,2851,35738,census_bps,
35620,New York-Newark-Jersey City,2018,47990,10251,2712,35027,census_bps,
35620,New York-Newark-Jersey City,2019,61055,10959,3075,47021,census_bps,
35620,New York-Newark-Jersey City,2020,54716,10874,2502,41340,census_bps,
35620,New York-Newark-Jersey City,2021,56284,12781,2456,41047,census_bps,
35620,New York-Newark-Jersey City,2022,69429,12067,2337,55025,census_bps,
35620,New York-Newark-Jersey City,2023,62837,11541,2735,48561,census_bps,
35620,New York-Newark-Jersey City,2024,57929,12530,2846,42553,census_bps,
36420,Oklahoma City,2000,5390,4151,91,1148,census_bps,
36420,Oklahoma City,2001,5968,4719,101,1148,census_bps,
36420,Oklahoma City,2002,6352,5856,87,409,census_bps,
36420,Oklahoma City,2003,8082,6923,174,985,census_bps,
36420,Oklahoma City,2004,9331,7767,248,1316,census_bps,
36420,Oklahoma City,2005,9049,8201,112,736,census_bps,
36420,Oklahoma City,2006,7433,6975,63,395,census_bps,
36420,Oklahoma City,2007,6275,5491,188,596,census_bps,
36420,Oklahoma City,2008,4099,3742,136,221,census_bps,
36420,Oklahoma City,2009,3452,3119,99,234,census_bps,
36420,Oklahoma City,2010,3635,3032,108,495,census_bps,
36420,Oklahoma City,2011,3261,3079,32,150,census_bps,
36420,Oklahoma City,2012,6577,5474,125,978,census_bps,
36420,Oklahoma City,2013,7505,6359,132,1014,census_bps,
36420,Oklahoma City,2014,7870,5959,222,1689,census_bps,
36420,Oklahoma City,2015,6004,5518,200,286,census_bps,
36420,Oklahoma City,2016,6740,5039,208,1493,census_bps,
36420,Oklahoma City,2017,5419,5132,233,54,census_bps,
36420,Oklahoma City,2018,5730,5430,269,31,census_bps,
36420,Oklahoma City,2019,6557,5924,368,265,census_bps,
36420,Oklahoma City,2020,7431,6842,343,246,census_bps,
36420,Oklahoma City,2021,8080,7637,272,171,census_bps,
36420,Oklahoma City,2022,7048,5951,660,437,census_bps,
36420,Oklahoma City,2023,6736,5573,756,407,census_bps,
36420,Oklahoma City,2024,7707,6014,433,1260,census_bps,
36740,Orlando-Kissimmee-Sanford,2000,24924,15400,341,9183,census_bps,
36740,Orlando-Kissimmee-Sanford,2001,23319,16700,250,6369,census_bps,
36740,Orlando-Kissimmee-Sanford,2002,26208,17306,290,8612,census_bps,
36740,Orlando-Kissimmee-Sanford,2003,28233,22345,256,5632,census_bps,
36740,Orlando-Kissimmee-Sanford,2004,33992,27493,373,6126,census_bps,
36740,Orlando-Kissimmee-Sanford,2005,36137,26753,385,8999,census_bps,
36740,Orlando-Kissimmee-Sanford,2006,30984,23646,517,6821,census_bps,
36740,Orlando-Kissimmee-Sanford,2007,18638,11805,184,6649,census_bps,
36740,Orlando-Kissimmee-Sanford,2008,10233,5280,109,4844,census_bps,
36740,Orlando-Kissimmee-Sanford,2009,4487,3707,61,719,census_bps,
36740,Orlando-Kissimmee-Sanford,2010,5254,4221,67,966,census_bps,
36740,Orlando-Kissimmee-Sanford,2011,6505,4533,72,1900,census_bps,
36740,Orlando-Kissimmee-Sanford,2012,12006,7322,94,4590,census_bps,
36740,Orlando-Kissimmee-Sanford,2013,15563,9222,581,5760,census_bps,
36740,Orlando-Kissimmee-Sanford,2014,16115,9806,203,6106,census_bps,
36740,Orlando-Kissimmee-Sanford,2015,20474,12038,218,8218,census_bps,
36740,Orlando-Kissimmee-Sanford,2016,23254,14227,418,8609,census_bps,
36740,Orlando-Kissimmee-Sanford,2017,19065,14431,356,4278,census_bps,
36740,Orlando-Kissimmee-Sanford,2018,28882,16455,305,12122,census_bps,
36740,Orlando-Kissimmee-Sanford,2019,24470,14995,407,9068,census_bps,
36740,Orlando-Kissimmee-Sanford,2020,24499,15343,463,8693,census_bps,
36740,Orlando-Kissimmee-Sanford,2021,30618,17795,369,12454,census_bps,
36740,Orlando-Kissimmee-Sanford,2022,28683,16213,356,12114,census_bps,
36740,Orlando-Kissimmee-Sanford,2023,25415,17049,146,8220,census_bps,
36740,Orlando-Kissimmee-Sanford,2024,24135,15364,259,8512,census_bps,
37980,Philadelphia-Camden-Wilmington,2000,19520,15787,507,3226,census_bps,
37980,Philadelphia-Camden-Wilmington,2001,17846,14853,214,2779,census_bps,
37980,Philadelphia-Camden-Wilmington,2002,18975,16330,399,2246,census_bps,
37980,Philadelphia-Camden-Wilmington,2003,21080,15367,434,5279,census_bps,
37980,Philadelphia-Camden-Wilmington,2004,21010,15504,492,5014,census_bps,
37980,Philadelphia-Camden-Wilmington,2005,20242,15041,533,4668,census_bps,
37980,Philadelphia-Camden-Wilmington,2006,17212,11717,537,4958,census_bps,
37980,Philadelphia-Camden-Wilmington,2007,13477,9542,371,3564,census_bps,
37980,Philadelphia-Camden-Wilmington,2008,10570,7269,276,3025,census_bps,
37980,Philadelphia-Camden-Wilmington,2009,7093,4963,307,1823,census_bps,
37980,Philadelphia-Camden-Wilmington,2010,7053,5186,529,1338,census_bps,
37980,Philadelphia-Camden-Wilmington,2011,6979,4456,456,2067,census_bps,
37980,Philadelphia-Camden-Wilmington,2012,9270,5175,558,3537,census_bps,
37980,Philadelphia-Camden-Wilmington,2013,11217,6252,735,4230,census_bps,
37980,Philadelphia-Camden-Wilmington,2014,13631,6379,729,6523,census_bps,
37980,Philadelphia-Camden-Wilmington,2015,12317,6548,709,5060,census_bps,
37980,Philadelphia-Camden-Wilmington,2016,12245,7016,766,4463,census_bps,
37980,Philadelphia-Camden-Wilmington,2017,13544,7233,771,5540,census_bps,
37980,Philadelphia-Camden-Wilmington,2018,13156,6875,906,5375,census_bps,
37980,Philadelphia-Camden-Wilmington,2019,15607,6963,1104,7540,census_bps,
37980,Philadelphia-Camden-Wilmington,2020,16201,7999,1251,6951,census_bps,
37980,Philadelphia-Camden-Wilmington,2021,36307,8868,2012,25427,census_bps,
37980,Philadelphia-Camden-Wilmington,2022,14371,8534,946,4891,census_bps,
37980,Philadelphia-Camden-Wilmington,2023,12019,6255,638,5126,census_bps,
37980,Philadelphia-Camden-Wilmington,2024,14214,8324,846,5044,census_bps,
38060,Phoenix-Mesa-Chandler,2000,45310,34232,787,10291,census_bps,
38060,Phoenix-Mesa-Chandler,2001,46100,37170,687,8243,census_bps,
38060,Phoenix-Mesa-Chandler,2002,47899,40002,554,7343,census_bps,
38060,Phoenix-Mesa-Chandler,2003,54860,47285,752,6823,census_bps,
38060,Phoenix-Mesa-Chandler,2004,65259,57360,1606,6293,census_bps,
38060,Phoenix-Mesa-Chandler,2005,62617,54313,828,7476,census_bps,
38060,Phoenix-Mesa-Chandler,2006,44280,36282,1496,6502,census_bps,
38060,Phoenix-Mesa-Chandler,2007,37272,26404,1112,9756,census_bps,
38060,Phoenix-Mesa-Chandler,2008,18533,12657,463,5413,census_bps,
38060,Phoenix-Mesa-Chandler,2009,9272,8598,60,614,census_bps,
38060,Phoenix-Mesa-Chandler,2010,8300,7212,84,1004,census_bps,
38060,Phoenix-Mesa-Chandler,2011,9081,7297,98,1686,census_bps,
38060,Phoenix-Mesa-Chandler,2012,15967,11931,337,3699,census_bps,
38060,Phoenix-Mesa-Chandler,2013,18737,12959,329,5449,census_bps,
38060,Phoenix-Mesa-Chandler,2014,20341,11557,281,8503,census_bps,
38060,Phoenix-Mesa-Chandler,2015,22402,16621,354,5427,census_bps,
38060,Phoenix-Mesa-Chandler,2016,28583,18433,571,9579,census_bps,
38060,Phoenix-Mesa-Chandler,2017,29312,20471,514,8327,census_bps,
38060,Phoenix-Mesa-Chandler,2018,31343,23526,669,7148,census_bps,
38060,Phoenix-Mesa-Chandler,2019,35873,25026,838,10009,census_bps,
38060,Phoenix-Mesa-Chandler,2020,48219,31658,888,15673,census_bps,
38060,Phoenix-Mesa-Chandler,2021,50581,34347,1350,14884,census_bps,
38060,Phoenix-Mesa-Chandler,2022,47804,26797,1765,19242,census_bps,
38060,Phoenix-Mesa-Chandler,2023,45616,24708,1872,19036,census_bps,
38060,Phoenix-Mesa-Chandler,2024,45884,30277,1772,13835,census_bps,
38300,Pittsburgh,2000,6851,5404,421,1026,census_bps,
38300,Pittsburgh,2001,7115,5156,345,1614,census_bps,
38300,Pittsburgh,2002,7262,5468,450,1344,census_bps,
38300,Pittsburgh,2003,6714,5467,488,759,census_bps,
38300,Pittsburgh,2004,7084,5762,450,872,census_bps,
38300,Pittsburgh,2005,5770,4841,306,623,census_bps,
38300,Pittsburgh,2006,5752,4486,241,1025,census_bps,
38300,Pittsburgh,2007,4777,3928,298,551,census_bps,
38300,Pittsburgh,2008,3879,3472,127,280,census_bps,
38300,Pittsburgh,2009,3135,2731,123,281,census_bps,
38300,Pittsburgh,2010,3720,3501,182,37,census_bps,
38300,Pittsburgh,2011,2949,2687,97,165,census_bps,
38300,Pittsburgh,2012,3507,2957,191,359,census_bps,
38300,Pittsburgh,2013,4606,3294,103,1209,census_bps,
38300,Pittsburgh,2014,4231,3123,151,957,census_bps,
38300,Pittsburgh,2015,5317,3342,232,1743,census_bps,
38300,Pittsburgh,2016,4501,3085,230,1186,census_bps,
38300,Pittsburgh,2017,4438,3036,278,1124,census_bps,
38300,Pittsburgh,2018,4083,3023,143,917,census_bps,
38300,Pittsburgh,2019,4062,2908,150,1004,census_bps,
38300,Pittsburgh,2020,4888,3505,336,1047,census_bps,
38300,Pittsburgh,2021,5290,3958,286,1046,census_bps,
38300,Pittsburgh,2022,5919,3151,204,2564,census_bps,
38300,Pittsburgh,2023,6342,3380,131,2831,census_bps,
38300,Pittsburgh,2024,5412,3530,133,1749,census_bps,
38900,Portland-Vancouver-Hillsboro,2000,12998,9760,572,2666,census_bps,
38900,Portland-Vancouver-Hillsboro,2001,13874,10689,550,2635,census_bps,
38900,Portland-Vancouver-Hillsboro,2002,14378,10467,751,3160,census_bps,
38900,Portland-Vancouver-Hillsboro,2003,16003,10576,659,4768,census_bps,
38900,Portland-Vancouver-Hillsboro,2004,15859,11285,656,3918,census_bps,
38900,Portland-Vancouver-Hillsboro,2005,17251,12789,704,3758,census_bps,
38900,Portland-Vancouver-Hillsboro,2006,15376,10210,500,4666,census_bps,
38900,Portland-Vancouver-Hillsboro,2007,13115,8410,463,4242,census_bps,
38900,Portland-Vancouver-Hillsboro,2008,7408,4285,191,2932,census_bps,
38900,Portland-Vancouver-Hillsboro,2009,4020,3011,84,925,census_bps,
38900,Portland-Vancouver-Hillsboro,2010,4476,3359,126,991,census_bps,
38900,Portland-Vancouver-Hillsboro,2011,5213,3132,87,1994,census_bps,
38900,Portland-Vancouver-Hillsboro,2012,7785,4501,177,3107,census_bps,
38900,Portland-Vancouver-Hillsboro,2013,11730,5717,151,5862,census_bps,
38900,Portland-Vancouver-Hillsboro,2014,12356,5462,213,6681,census_bps,
38900,Portland-Vancouver-Hillsboro,2015,13967,7102,311,6554,census_bps,
38900,Portland-Vancouver-Hillsboro,2016,14729,7397,234,7098,census_bps,
38900,Portland-Vancouver-Hillsboro,2017,15983,6211,268,9504,census_bps,
38900,Portland-Vancouver-Hillsboro,2018,14180,6869,263,7048,census_bps,
38900,Portland-Vancouver-Hillsboro,2019,16815,7688,408,8719,census_bps,
38900,Portland-Vancouver-Hillsboro,2020,13446,7513,252,5681,census_bps,
38900,Portland-Vancouver-Hillsboro,2021,15023,8008,468,6547,census_bps,
38900,Portland-Vancouver-Hillsboro,2022,12978,6029,195,6754,census_bps,
38900,Portland-Vancouver-Hillsboro,2023,11382,6326,252,4804,census_bps,
38900,Portland-Vancouver-Hillsboro,2024,9453,6345,195,2913,census_bps,
39300,Providence-Warwick,2000,4246,3782,243,221,census_bps,
39300,Providence-Warwick,2001,3902,3522,234,146,census_bps,
39300,Providence-Warwick,2002,4551,3722,280,549,census_bps,
39300,Providence-Warwick,2003,4035,3338,149,548,census_bps,
39300,Providence-Warwick,2004,4410,3403,202,805,census_bps,
39300,Providence-Warwick,2005,4653,3202,369,1082,census_bps,
39300,Providence-Warwick,2006,3685,2831,513,341,census_bps,
39300,Providence-Warwick,2007,3085,2241,346,498,census_bps,
39300,Providence-Warwick,2008,1598,1368,142,88,census_bps,
39300,Providence-Warwick,2009,1437,1158,146,133,census_bps,
39300,Providence-Warwick,2010,1439,1205,97,137,census_bps,
39300,Providence-Warwick,2011,1178,963,158,57,census_bps,
39300,Providence-Warwick,2012,1361,1144,68,149,census_bps,
39300,Providence-Warwick,2013,1974,1465,124,385,census_bps,
39300,Providence-Warwick,2014,1775,1441,125,209,census_bps,
39300,Providence-Warwick,2015,1818,1482,144,192,census_bps,
39300,Providence-Warwick,2016,2564,1662,219,683,census_bps,
39300,Providence-Warwick,2017,2010,1722,128,160,census_bps,
39300,Providence-Warwick,2018,1963,1553,201,209,census_bps,
39300,Providence-Warwick,2019,2048,1592,281,175,census_bps,
39300,Providence-Warwick,2020,2068,1621,318,129,census_bps,
39300,Providence-Warwick,2021,2258,1788,278,192,census_bps,
39300,Providence-Warwick,2022,2123,1560,306,257,census_bps,
39300,Providence-Warwick,2023,1930,1255,237,438,census_bps,
39300,Providence-Warwick,2024,2620,1339,463,818,census_bps,
39580,Raleigh-Cary,2000,14202,9519,140,4543,census_bps,
39580,Raleigh-Cary,2001,13782,10681,191,2910,census_bps,
39580,Raleigh-Cary,2002,11678,10581,389,708,census_bps,
39580,Raleigh-Cary,2003,12660,10357,304,1999,census_bps,
39580,Raleigh-Cary,2004,14404,12083,123,2198,census_bps,
39580,Raleigh-Cary,2005,14614,13967,169,478,census_bps,
39580,Raleigh-Cary,2006,17712,13521,183,4008,census_bps,
39580,Raleigh-Cary,2007,16614,12764,192,3658,census_bps,
39580,Raleigh-Cary,2008,11397,6572,33,4792,census_bps,
39580,Raleigh-Cary,2009,4894,4377,16,501,census_bps,
39580,Raleigh-Cary,2010,5213,4653,17,543,census_bps,
39580,Raleigh-Cary,2011,6366,4753,22,1591,census_bps,
39580,Raleigh-Cary,2012,12926,6425,105,6396,census_bps,
39580,Raleigh-Cary,2013,11431,8034,10,3387,census_bps,
39580,Raleigh-Cary,2014,11647,7680,4,3963,census_bps,
39580,Raleigh-Cary,2015,11987,8694,26,3267,census_bps,
39580,Raleigh-Cary,2016,13514,9442,35,4037,census_bps,
39580,Raleigh-Cary,2017,14180,10752,32,3396,census_bps,
39580,Raleigh-Cary,2018,15950,11160,101,4689,census_bps,
39580,Raleigh-Cary,2019,13320,11142,61,2117,census_bps,
39580,Raleigh-Cary,2020,16958,12697,32,4229,census_bps,
39580,Raleigh-Cary,2021,21649,14227,54,7368,census_bps,
39580,Raleigh-Cary,2022,22390,12488,56,9846,census_bps,
39580,Raleigh-Cary,2023,20619,12147,85,8387,census_bps,
39580,Raleigh-Cary,2024,18979,13343,62,5574,census_bps,
40060,Richmond,2000,6110,5893,142,75,census_bps,
40060,Richmond,2001,8368,6757,133,1478,census_bps,
40060,Richmond,2002,8912,7149,49,1714,census_bps,
40060,Richmond,2003,8253,6690,247,1316,census_bps,
40060,Richmond,2004,8072,6714,272,1086,census_bps,
40060,Richmond,2005,8395,7336,188,871,census_bps,
40060,Richmond,2006,6889,6400,174,315,census_bps,
40060,Richmond,2007,6267,5107,248,912,census_bps,
40060,Richmond,2008,4458,3429,71,958,census_bps,
40060,Richmond,2009,2987,2373,80,534,census_bps,
40060,Richmond,2010,3177,2193,93,891,census_bps,
40060,Richmond,2011,2520,2163,37,320,census_bps,
40060,Richmond,2012,3992,2569,173,1250,census_bps,
40060,Richmond,2013,4747,3297,84,1366,census_bps,
40060,Richmond,2014,4252,3121,125,1006,census_bps,
40060,Richmond,2015,4811,3555,102,1154,census_bps,
40060,Richmond,2016,4834,3918,139,777,census_bps,
40060,Richmond,2017,7070,4539,181,2350,census_bps,
40060,Richmond,2018,5972,4409,379,1184,census_bps,
40060,Richmond,2019,8340,4481,370,3489,census_bps,
40060,Richmond,2020,8190,5330,601,2259,census_bps,
40060,Richmond,2021,9547,5946,447,3154,census_bps,
40060,Richmond,2022,10414,4503,145,5766,census_bps,
40060,Richmond,2023,9973,4590,232,5151,census_bps,
40060,Richmond,2024,8642,5023,211,3408,census_bps,
40140,Riverside-San Bernardino-Ontario,2000,21496,19090,208,2198,census_bps,
40140,Riverside-San Bernardino-Ontario,2001,27417,23596,335,3486,census_bps,
40140,Riverside-San Bernardino-Ontario,2002,32474,30038,323,2113,census_bps,
40140,Riverside-San Bernardino-Ontario,2003,42252,35965,719,5568,census_bps,
40140,Riverside-San Bernardino-Ontario,2004,51463,43142,1085,7236,census_bps,
40140,Riverside-San Bernardino-Ontario,2005,51008,45485,1071,4452,census_bps,
40140,Riverside-San Bernardino-Ontario,2006,38089,33498,963,3628,census_bps,
40140,Riverside-San Bernardino-Ontario,2007,20086,16019,721,3346,census_bps,
40140,Riverside-San Bernardino-Ontario,2008,8946,5796,217,2933,census_bps,
40140,Riverside-San Bernardino-Ontario,2009,6335,4887,68,1380,census_bps,
40140,Riverside-San Bernardino-Ontario,2010,6336,5287,174,875,census_bps,
40140,Riverside-San Bernardino-Ontario,2011,4736,3378,71,1287,census_bps,
40140,Riverside-San Bernardino-Ontario,2012,5949,4488,129,1332,census_bps,
40140,Riverside-San Bernardino-Ontario,2013,9348,6472,308,2568,census_bps,
40140,Riverside-San Bernardino-Ontario,2014,10166,7222,295,2649,census_bps,
40140,Riverside-San Bernardino-Ontario,2015,9926,7816,230,1880,census_bps,
40140,Riverside-San Bernardino-Ontario,2016,10921,8837,150,1934,census_bps,
40140,Riverside-San Bernardino-Ontario,2017,14676,10955,447,3274,census_bps,
40140,Riverside-San Bernardino-Ontario,2018,14809,11591,445,2773,census_bps,
40140,Riverside-San Bernardino-Ontario,2019,14599,11147,281,3171,census_bps,
40140,Riverside-San Bernardino-Ontario,2020,15232,12897,535,1800,census_bps,
40140,Riverside-San Bernardino-Ontario,2021,15606,11962,586,3058,census_bps,
40140,Riverside-San Bernardino-Ontario,2022,16747,12467,623,3657,census_bps,
40140,Riverside-San Bernardino-Ontario,2023,20268,12463,457,7348,census_bps,
40140,Riverside-San Bernardino-Ontario,2024,15824,11633,463,3728,census_bps,
40380,Rochester,2000,3285,2420,61,804,census_bps,
40380,Rochester,2001,3004,2405,166,433,census_bps,
40380,Rochester,2002,2991,2458,130,403,census_bps,
40380,Rochester,2003,3422,2624,183,615,census_bps,
40380,Rochester,2004,3045,2401,127,517,census_bps,
40380,Rochester,2005,2730,2255,56,419,census_bps,
40380,Rochester,2006,2288,1961,93,234,census_bps,
40380,Rochester,2007,1906,1611,74,221,census_bps,
40380,Rochester,2008,1898,1444,134,320,census_bps,
40380,Rochester,2009,1625,1157,93,375,census_bps,
40380,Rochester,2010,1449,1129,127,193,census_bps,
40380,Rochester,2011,1523,1049,221,253,census_bps,
40380,Rochester,2012,1600,1184,66,350,census_bps,
40380,Rochester,2013,1292,1043,98,151,census_bps,
40380,Rochester,2014,1721,1206,87,428,census_bps,
40380,Rochester,2015,2602,1335,195,1072,census_bps,
40380,Rochester,2016,2016,1264,143,609,census_bps,
40380,Rochester,2017,1718,1125,50,543,census_bps,
40380,Rochester,2018,2134,1112,54,968,census_bps,
40380,Rochester,2019,1894,1031,120,743,census_bps,
40380,Rochester,2020,2164,1071,129,964,census_bps,
40380,Rochester,2021,1706,1122,131,453,census_bps,
40380,Rochester,2022,2577,1079,226,1272,census_bps,
40380,Rochester,2023,1656,841,173,642,census_bps,
40380,Rochester,2024,1801,917,160,724,census_bps,
40900,Sacramento-Roseville-Folsom,2000,16793,13468,136,3189,census_bps,
40900,Sacramento-Roseville-Folsom,2001,18434,14719,263,3452,census_bps,
40900,Sacramento-Roseville-Folsom,2002,22099,17614,303,4182,census_bps,
40900,Sacramento-Roseville-Folsom,2003,22832,18165,221,4446,census_bps,
40900,Sacramento-Roseville-Folsom,2004,21999,18523,306,3170,census_bps,
40900,Sacramento-Roseville-Folsom,2005,20182,16380,309,3493,census_bps,
40900,Sacramento-Roseville-Folsom,2006,11877,8714,305,2858,census_bps,
40900,Sacramento-Roseville-Folsom,2007,8050,6924,203,923,census_bps,
40900,Sacramento-Roseville-Folsom,2008,5511,3952,34,1525,census_bps,
40900,Sacramento-Roseville-Folsom,2009,2710,2415,36,259,census_bps,
40900,Sacramento-Roseville-Folsom,2010,2702,2166,30,506,census_bps,
40900,Sacramento-Roseville-Folsom,2011,2491,1873,8,610,census_bps,
40900,Sacramento-Roseville-Folsom,2012,3408,2848,42,518,census_bps,
40900,Sacramento-Roseville-Folsom,2013,4189,3539,52,598,census_bps,
40900,Sacramento-Roseville-Folsom,2014,4159,3694,42,423,census_bps,
40900,Sacramento-Roseville-Folsom,2015,6184,5175,104,905,census_bps,
40900,Sacramento-Roseville-Folsom,2016,7204,6135,130,939,census_bps,
40900,Sacramento-Roseville-Folsom,2017,9503,6815,92,2596,census_bps,
40900,Sacramento-Roseville-Folsom,2018,7873,6393,55,1425,census_bps,
40900,Sacramento-Roseville-Folsom,2019,9431,7184,210,2037,census_bps,
40900,Sacramento-Roseville-Folsom,2020,11164,7279,201,3684,census_bps,
40900,Sacramento-Roseville-Folsom,2021,12434,9390,188,2856,census_bps,
40900,Sacramento-Roseville-Folsom,2022,10800,8170,303,2327,census_bps,
40900,Sacramento-Roseville-Folsom,2023,11941,7931,201,3809,census_bps,
40900,Sacramento-Roseville-Folsom,2024,11613,8579,333,2701,census_bps,
41180,San Jose-Sunnyvale-Santa Clara,2000,12307,9638,623,2046,census_bps,
41180,San Jose-Sunnyvale-Santa Clara,2001,12077,10105,575,1397,census_bps,
41180,San Jose-Sunnyvale-Santa Clara,2002,14340,11299,1052,1989,census_bps,
41180,San Jose-Sunnyvale-Santa Clara,2003,14753,12174,822,1757,census_bps,
41180,San Jose-Sunnyvale-Santa Clara,2004,15713,13465,635,1613,census_bps,
41180,San Jose-Sunnyvale-Santa Clara,2005,15502,13362,679,1461,census_bps,
41180,San Jose-Sunnyvale-Santa Clara,2006,11807,10138,445,1224,census_bps,
41180,San Jose-Sunnyvale-Santa Clara,2007,10311,8119,568,1624,census_bps,
41180,San Jose-Sunnyvale-Santa Clara,2008,5734,4655,342,737,census_bps,
41180,San Jose-Sunnyvale-Santa Clara,2009,5160,4048,252,860,census_bps,
41180,San Jose-Sunnyvale-Santa Clara,2010,5654,4251,360,1043,census_bps,
41180,San Jose-Sunnyvale-Santa Clara,2011,4403,3287,388,728,census_bps,
41180,San Jose-Sunnyvale-Santa Clara,2012,5489,4014,176,1299,census_bps,
41180,San Jose-Sunnyvale-Santa Clara,2013,5548,4646,173,729,census_bps,
41180,San Jose-Sunnyvale-Santa Clara,2014,6992,4538,178,2276,census_bps,
41180,San Jose-Sunnyvale-Santa Clara,2015,7698,5054,149,2495,census_bps,
41180,San Jose-Sunnyvale-Santa Clara,2016,7711,5378,128,2205,census_bps,
41180,San Jose-Sunnyvale-Santa Clara,2017,7295,5608,115,1572,census_bps,
41180,San Jose-Sunnyvale-Santa Clara,2018,7338,5242,142,1954,census_bps,
41180,San Jose-Sunnyvale-Santa Clara,2019,7054,5179,245,1630,census_bps,
41180,San Jose-Sunnyvale-Santa Clara,2020,7863,5719,167,1977,census_bps,
41180,San Jose-Sunnyvale-Santa Clara,2021,8326,5716,175,2435,census_bps,
41180,San Jose-Sunnyvale-Santa Clara,2022,9130,4742,186,4202,census_bps,
41180,San Jose-Sunnyvale-Santa Clara,2023,7107,4599,226,2282,census_bps,
41180,San Jose-Sunnyvale-Santa Clara,2024,7017,4653,347,2017,census_bps,
41620,Salt Lake City,2000,5284,4226,333,725,census_bps,
41620,Salt Lake City,2001,6014,4295,325,1394,census_bps,
41620,Salt Lake City,2002,6212,4526,408,1278,census_bps,
41620,Salt Lake City,2003,7517,5531,501,1485,census_bps,
41620,Salt Lake City,2004,6960,5618,306,1036,census_bps,
41620,Salt Lake City,2005,8335,6443,332,1560,census_bps,
41620,Salt Lake City,2006,6874,5948,169,757,census_bps,
41620,Salt Lake City,2007,5093,3605,153,1335,census_bps,
41620,Salt Lake City,2008,3836,1603,115,2118,census_bps,
41620,Salt Lake City,2009,4310,1507,66,2737,census_bps,
41620,Salt Lake City,2010,2746,1795,84,867,census_bps,
41620,Salt Lake City,2011,3349,2041,77,1231,census_bps,
41620,Salt Lake City,2012,3764,2711,49,1004,census_bps,
41620,Salt Lake City,2013,5302,3280,223,1799,census_bps,
41620,Salt Lake City,2014,5318,3159,149,2010,census_bps,
41620,Salt Lake City,2015,6755,3762,186,2807,census_bps,
41620,Salt Lake City,2016,8731,4351,163,4217,census_bps,
41620,Salt Lake City,2017,7367,4918,224,2225,census_bps,
41620,Salt Lake City,2018,8750,5391,497,2862,census_bps,
41620,Salt Lake City,2019,10680,4760,348,5572,census_bps,
41620,Salt Lake City,2020,11033,5203,540,5290,census_bps,
41620,Salt Lake City,2021,11642,5338,453,5851,census_bps,
41620,Salt Lake City,2022,10102,3992,178,5932,census_bps,
41620,Salt Lake City,2023,9235,3163,390,5682,census_bps,
41620,Salt Lake City,2024,5447,3525,256,1666,census_bps,
41700,San Antonio-New Braunfels,2000,10976,8789,124,2063,census_bps,
41700,San Antonio-New Braunfels,2001,13136,9529,195,3412,census_bps,
41700,San Antonio-New Braunfels,2002,13253,10484,234,2535,census_bps,
41700,San Antonio-New Braunfels,2003,13375,10976,163,2236,census_bps,
41700,San Antonio-New Braunfels,2004,17539,12634,367,4538,census_bps,
41700,San Antonio-New Braunfels,2005,22305,14706,305,7294,census_bps,
41700,San Antonio-New Braunfels,2006,19761,13841,538,5382,census_bps,
41700,San Antonio-New Braunfels,2007,13295,9350,308,3637,census_bps,
41700,San Antonio-New Braunfels,2008,10574,6010,187,4377,census_bps,
41700,San Antonio-New Braunfels,2009,5924,5486,80,358,census_bps,
41700,San Antonio-New Braunfels,2010,6865,5144,76,1645,census_bps,
41700,San Antonio-New Braunfels,2011,7127,4410,33,2684,census_bps,
41700,San Antonio-New Braunfels,2012,8004,5102,142,2760,census_bps,
41700,San Antonio-New Braunfels,2013,6128,5827,124,177,census_bps,
41700,San Antonio-New Braunfels,2014,10332,6220,234,3878,census_bps,
41700,San Antonio-New Braunfels,2015,7824,6478,160,1186,census_bps,
41700,San Antonio-New Braunfels,2016,12241,6464,347,5430,census_bps,
41700,San Antonio-New Braunfels,2017,12516,7535,385,4596,census_bps,
41700,San Antonio-New Braunfels,2018,11497,8013,124,3360,census_bps,
41700,San Antonio-New Braunfels,2019,15895,9103,242,6550,census_bps,
41700,San Antonio-New Braunfels,2020,16697,10541,320,5836,census_bps,
41700,San Antonio-New Braunfels,2021,22264,13945,243,8076,census_bps,
41700,San Antonio-New Braunfels,2022,24336,10223,375,13738,census_bps,
41700,San Antonio-New Braunfels,2023,16485,8718,519,7248,census_bps,
41700,San Antonio-New Braunfels,2024,14857,10999,55,3803,census_bps,
41740,San Diego-Chula Vista-Carlsbad,2000,15592,9287,626,5679,census_bps,
41740,San Diego-Chula Vista-Carlsbad,2001,15405,9377,515,5513,census_bps,
41740,San Diego-Chula Vista-Carlsbad,2002,13684,8880,638,4166,census_bps,
41740,San Diego-Chula Vista-Carlsbad,2003,18031,9758,1278,6995,census_bps,
41740,San Diego-Chula Vista-Carlsbad,2004,15587,9122,1247,5218,census_bps,
41740,San Diego-Chula Vista-Carlsbad,2005,14306,7576,1078,5652,census_bps,
41740,San Diego-Chula Vista-Carlsbad,2006,9191,4743,501,3947,census_bps,
41740,San Diego-Chula Vista-Carlsbad,2007,7435,3422,470,3543,census_bps,
41740,San Diego-Chula Vista-Carlsbad,2008,5357,2361,168,2828,census_bps,
41740,San Diego-Chula Vista-Carlsbad,2009,2946,1778,111,1057,census_bps,
41740,San Diego-Chula Vista-Carlsbad,2010,3494,2270,191,1033,census_bps,
41740,San Diego-Chula Vista-Carlsbad,2011,5370,2245,167,2958,census_bps,
41740,San Diego-Chula Vista-Carlsbad,2012,5666,2197,449,3020,census_bps,
41740,San Diego-Chula Vista-Carlsbad,2013,8264,2565,334,5365,census_bps,
41740,San Diego-Chula Vista-Carlsbad,2014,6875,2487,291,4097,census_bps,
41740,San Diego-Chula Vista-Carlsbad,2015,9883,3222,283,6378,census_bps,
41740,San Diego-Chula Vista-Carlsbad,2016,10791,2351,451,7989,census_bps,
41740,San Diego-Chula Vista-Carlsbad,2017,10441,4056,698,5687,census_bps,
41740,San Diego-Chula Vista-Carlsbad,2018,9834,3489,678,5667,census_bps,
41740,San Diego-Chula Vista-Carlsbad,2019,8216,3019,516,4681,census_bps,
41740,San Diego-Chula Vista-Carlsbad,2020,9472,2900,466,6106,census_bps,
41740,San Diego-Chula Vista-Carlsbad,2021,10048,3227,422,6399,census_bps,
41740,San Diego-Chula Vista-Carlsbad,2022,9346,3517,488,5341,census_bps,
41740,San Diego-Chula Vista-Carlsbad,2023,11469,3049,468,7952,census_bps,
41740,San Diego-Chula Vista-Carlsbad,2024,11572,3377,947,7248,census_bps,
41860,San Francisco-Oakland-Berkeley,2000,15113,8917,414,5782,census_bps,
41860,San Francisco-Oakland-Berkeley,2001,11101,6928,437,3736,census_bps,
41860,San Francisco-Oakland-Berkeley,2002,12541,8654,317,3570,census_bps,
41860,San Francisco-Oakland-Berkeley,2003,14828,8683,404,5741,census_bps,
41860,San Francisco-Oakland-Berkeley,2004,15239,7986,458,6795,census_bps,
41860,San Francisco-Oakland-Berkeley,2005,14883,8102,372,6409,census_bps,
41860,San Francisco-Oakland-Berkeley,2006,14483,5900,370,8213,census_bps,
41860,San Francisco-Oakland-Berkeley,2007,10560,5055,304,5201,census_bps,
41860,San Francisco-Oakland-Berkeley,2008,7555,2359,176,5020,census_bps,
41860,San Francisco-Oakland-Berkeley,2009,3550,2271,149,1130,census_bps,
41860,San Francisco-Oakland-Berkeley,2010,4621,2118,157,2346,census_bps,
41860,San Francisco-Oakland-Berkeley,2011,5783,1923,125,3735,census_bps,
41860,San Francisco-Oakland-Berkeley,2012,9163,3095,226,5842,census_bps,
41860,San Francisco-Oakland-Berkeley,2013,10922,3659,205,7058,census_bps,
41860,San Francisco-Oakland-Berkeley,2014,10001,3716,159,6126,census_bps,
41860,San Francisco-Oakland-Berkeley,2015,13386,4804,245,8337,census_bps,
41860,San Francisco-Oakland-Berkeley,2016,14787,4967,235,9585,census_bps,
41860,San Francisco-Oakland-Berkeley,2017,16952,4777,302,11873,census_bps,
41860,San Francisco-Oakland-Berkeley,2018,17421,4048,413,12960,census_bps,
41860,San Francisco-Oakland-Berkeley,2019,13881,4076,277,9528,census_bps,
41860,San Francisco-Oakland-Berkeley,2020,10156,3386,184,6586,census_bps,
41860,San Francisco-Oakland-Berkeley,2021,13606,4301,341,8964,census_bps,
41860,San Francisco-Oakland-Berkeley,2022,11180,3376,238,7566,census_bps,
41860,San Francisco-Oakland-Berkeley,2023,7530,3015,163,4352,census_bps,
41860,San Francisco-Oakland-Berkeley,2024,5914,2776,148,2990,census_bps,
42660,Seattle-Tacoma-Bellevue,2000,22525,12057,1537,8931,census_bps,
42660,Seattle-Tacoma-Bellevue,2001,21097,12246,917,7934,census_bps,
42660,Seattle-Tacoma-Bellevue,2002,20991,14406,993,5592,census_bps,
42660,Seattle-Tacoma-Bellevue,2003,20601,15003,1499,4099,census_bps,
42660,Seattle-Tacoma-Bellevue,2004,24135,16334,1558,6243,census_bps,
42660,Seattle-Tacoma-Bellevue,2005,25519,17565,1589,6365,census_bps,
42660,Seattle-Tacoma-Bellevue,2006,25743,15211,1780,8752,census_bps,
42660,Seattle-Tacoma-Bellevue,2007,25403,12395,2511,10497,census_bps,
42660,Seattle-Tacoma-Bellevue,2008,15512,6674,1767,7071,census_bps,
42660,Seattle-Tacoma-Bellevue,2009,7419,5036,643,1740,census_bps,
42660,Seattle-Tacoma-Bellevue,2010,10040,6139,418,3483,census_bps,
42660,Seattle-Tacoma-Bellevue,2011,11230,6078,374,4778,census_bps,
42660,Seattle-Tacoma-Bellevue,2012,17666,8047,461,9158,census_bps,
42660,Seattle-Tacoma-Bellevue,2013,19517,8773,610,10134,census_bps,
42660,Seattle-Tacoma-Bellevue,2014,21953,8665,887,12401,census_bps,
42660,Seattle-Tacoma-Bellevue,2015,25008,8646,1045,15317,census_bps,
42660,Seattle-Tacoma-Bellevue,2016,25489,9425,979,15085,census_bps,
42660,Seattle-Tacoma-Bellevue,2017,27334,9997,1098,16239,census_bps,
42660,Seattle-Tacoma-Bellevue,2018,28186,9134,1456,17596,census_bps,
42660,Seattle-Tacoma-Bellevue,2019,26599,8737,1436,16426,census_bps,
42660,Seattle-Tacoma-Bellevue,2020,23039,8860,1245,12934,census_bps,
42660,Seattle-Tacoma-Bellevue,2021,30743,8828,1594,20321,census_bps,
42660,Seattle-Tacoma-Bellevue,2022,26661,7029,1652,17980,census_bps,
42660,Seattle-Tacoma-Bellevue,2023,17223,6296,1292,9635,census_bps,
42660,Seattle-Tacoma-Bellevue,2024,17920,6489,1383,10048,census_bps,
45300,Tampa-St. Petersburg-Clearwater,2000,19244,13293,669,5282,census_bps,
45300,Tampa-St. Petersburg-Clearwater,2001,21814,15826,980,5008,census_bps,
45300,Tampa-St. Petersburg-Clearwater,2002,23542,17546,985,5011,census_bps,
45300,Tampa-St. Petersburg-Clearwater,2003,29281,20178,1046,8057,census_bps,
45300,Tampa-St. Petersburg-Clearwater,2004,29557,23081,1051,5425,census_bps,
45300,Tampa-St. Petersburg-Clearwater,2005,34174,27643,941,5590,census_bps,
45300,Tampa-St. Petersburg-Clearwater,2006,22640,18294,620,3726,census_bps,
45300,Tampa-St. Petersburg-Clearwater,2007,12249,8054,482,3713,census_bps,
45300,Tampa-St. Petersburg-Clearwater,2008,9613,5093,244,4276,census_bps,
45300,Tampa-St. Petersburg-Clearwater,2009,6962,3923,83,2956,census_bps,
45300,Tampa-St. Petersburg-Clearwater,2010,6501,4396,138,1967,census_bps,
45300,Tampa-St. Petersburg-Clearwater,2011,6342,4511,141,1690,census_bps,
45300,Tampa-St. Petersburg-Clearwater,2012,10161,5883,146,4132,census_bps,
45300,Tampa-St. Petersburg-Clearwater,2013,12152,7314,245,4593,census_bps,
45300,Tampa-St. Petersburg-Clearwater,2014,12386,7267,264,4855,census_bps,
45300,Tampa-St. Petersburg-Clearwater,2015,15653,9739,197,5717,census_bps,
45300,Tampa-St. Petersburg-Clearwater,2016,17752,10685,161,6906,census_bps,
45300,Tampa-St. Petersburg-Clearwater,2017,18268,12732,81,5455,census_bps,
45300,Tampa-St. Petersburg-Clearwater,2018,17452,14228,138,3086,census_bps,
45300,Tampa-St. Petersburg-Clearwater,2019,23540,14670,269,8601,census_bps,
45300,Tampa-St. Petersburg-Clearwater,2020,20348,16088,118,4142,census_bps,
45300,Tampa-St. Petersburg-Clearwater,2021,24831,19305,92,5434,census_bps,
45300,Tampa-St. Petersburg-Clearwater,2022,29968,15678,998,13292,census_bps,
45300,Tampa-St. Petersburg-Clearwater,2023,25386,14852,563,9971,census_bps,
45300,Tampa-St. Petersburg-Clearwater,2024,20950,13205,200,7545,census_bps,
46060,Tucson,2000,7779,6816,337,626,census_bps,
46060,Tucson,2001,7472,6298,165,1009,census_bps,
46060,Tucson,2002,7147,6114,179,854,census_bps,
46060,Tucson,2003,7910,7598,195,117,census_bps,
46060,Tucson,2004,10521,9604,197,720,census_bps,
46060,Tucson,2005,11644,11166,321,157,census_bps,
46060,Tucson,2006,8522,8132,212,178,census_bps,
46060,Tucson,2007,5237,4698,142,397,census_bps,
46060,Tucson,2008,3221,2743,55,423,census_bps,
46060,Tucson,2009,2129,1934,28,167,census_bps,
46060,Tucson,2010,1938,1726,6,206,census_bps,
46060,Tucson,2011,2242,1388,26,828,census_bps,
46060,Tucson,2012,2841,2175,38,628,census_bps,
46060,Tucson,2013,3491,2623,38,830,census_bps,
46060,Tucson,2014,3250,2296,32,922,census_bps,
46060,Tucson,2015,2428,2226,18,184,census_bps,
46060,Tucson,2016,2466,2420,6,40,census_bps,
46060,Tucson,2017,4495,2888,46,1561,census_bps,
46060,Tucson,2018,4404,3240,42,1122,census_bps,
46060,Tucson,2019,4313,3490,52,771,census_bps,
46060,Tucson,2020,4958,4242,46,670,census_bps,
46060,Tucson,2021,6284,5116,50,1118,census_bps,
46060,Tucson,2022,5714,3735,74,1905,census_bps,
46060,Tucson,2023,5255,3688,148,1419,census_bps,
46060,Tucson,2024,5250,4150,104,996,census_bps,
47260,Virginia Beach-Norfolk-Newport News,2000,7563,6633,246,684,census_bps,
47260,Virginia Beach-Norfolk-Newport News,2001,8858,7231,108,1519,census_bps,
47260,Virginia Beach-Norfolk-Newport News,2002,10390,7863,172,2355,census_bps,
47260,Virginia Beach-Norfolk-Newport News,2003,10559,8056,211,2292,census_bps,
47260,Virginia Beach-Norfolk-Newport News,2004,10347,7455,553,2339,census_bps,
47260,Virginia Beach-Norfolk-Newport News,2005,11543,7850,608,3085,census_bps,
47260,Virginia Beach-Norfolk-Newport News,2006,7891,6082,650,1159,census_bps,
47260,Virginia Beach-Norfolk-Newport News,2007,6482,4923,244,1315,census_bps,
47260,Virginia Beach-Norfolk-Newport News,2008,5368,3521,92,1755,census_bps,
47260,Virginia Beach-Norfolk-Newport News,2009,5359,3056,17,2286,census_bps,
47260,Virginia Beach-Norfolk-Newport News,2010,4016,3199,56,761,census_bps,
47260,Virginia Beach-Norfolk-Newport News,2011,5602,2997,45,2560,census_bps,
47260,Virginia Beach-Norfolk-Newport News,2012,5420,3571,115,1734,census_bps,
47260,Virginia Beach-Norfolk-Newport News,2013,7444,4171,64,3209,census_bps,
47260,Virginia Beach-Norfolk-Newport News,2014,5760,3811,92,1857,census_bps,
47260,Virginia Beach-Norfolk-Newport News,2015,6764,4066,90,2608,census_bps,
47260,Virginia Beach-Norfolk-Newport News,2016,6276,4158,175,1943,census_bps,
47260,Virginia Beach-Norfolk-Newport News,2017,6265,4487,207,1571,census_bps,
47260,Virginia Beach-Norfolk-Newport News,2018,5710,4274,82,1354,census_bps,
47260,Virginia Beach-Norfolk-Newport News,2019,5875,4312,98,1465,census_bps,
47260,Virginia Beach-Norfolk-Newport News,2020,6916,5207,62,1647,census_bps,
47260,Virginia Beach-Norfolk-Newport News,2021,7336,4671,115,2550,census_bps,
47260,Virginia Beach-Norfolk-Newport News,2022,6286,3653,49,2584,census_bps,
47260,Virginia Beach-Norfolk-Newport News,2023,6083,3362,47,2674,census_bps,
47260,Virginia Beach-Norfolk-Newport News,2024,4406,3544,70,792,census_bps,
47900,Washington-Arlington-Alexandria,2000,37296,27985,161,9150,census_bps,
47900,Washington-Arlington-Alexandria,2001,36411,26751,134,9526,census_bps,
47900,Washington-Arlington-Alexandria,2002,38145,27585,212,10348,census_bps,
47900,Washington-Arlington-Alexandria,2003,35865,27962,296,7607,census_bps,
47900,Washington-Arlington-Alexandria,2004,38985,27709,258,11018,census_bps,
47900,Washington-Arlington-Alexandria,2005,37850,26972,211,10667,census_bps,
47900,Washington-Arlington-Alexandria,2006,28919,19417,46,9456,census_bps,
47900,Washington-Arlington-Alexandria,2007,22895,14987,119,7789,census_bps,
47900,Washington-Arlington-Alexandria,2008,13625,9214,166,4245,census_bps,
47900,Washington-Arlington-Alexandria,2009,12147,8772,256,3119,census_bps,
47900,Washington-Arlington-Alexandria,2010,12952,9377,139,3436,census_bps,
47900,Washington-Arlington-Alexandria,2011,19587,9572,270,9745,census_bps,
47900,Washington-Arlington-Alexandria,2012,22293,10869,376,11048,census_bps,
47900,Washington-Arlington-Alexandria,2013,24036,13277,166,10593,census_bps,
47900,Washington-Arlington-Alexandria,2014,24591,12198,154,12239,census_bps,
47900,Washington-Arlington-Alexandria,2015,22675,12311,170,10194,census_bps,
47900,Washington-Arlington-Alexandria,2016,25451,13148,96,12207,census_bps,
47900,Washington-Arlington-Alexandria,2017,27002,13962,130,12910,census_bps,
47900,Washington-Arlington-Alexandria,2018,25573,13404,132,12037,census_bps,
47900,Washington-Arlington-Alexandria,2019,26313,12726,230,13357,census_bps,
47900,Washington-Arlington-Alexandria,2020,24785,13706,119,10960,census_bps,
47900,Washington-Arlington-Alexandria,2021,27098,13416,92,13590,census_bps,
47900,Washington-Arlington-Alexandria,2022,35718,11825,94,23799,census_bps,
47900,Washington-Arlington-Alexandria,2023,23345,10788,138,12419,census_bps,
47900,Washington-Arlington-Alexandria,2024,21487,11743,138,9606,census_bps,
