cbsa_code,cbsa_name,year,population,domestic_migration_net,international_migration_net,natural_increase,pep_vintage,dq_flag
12060,Atlanta-Sandy Springs-Alpharetta,2010,5314754,0,0,0,2020,
12060,Atlanta-Sandy Springs-Alpharetta,2011,5379369,0,0,0,2020,
12060,Atlanta-Sandy Springs-Alpharetta,2012,5458201,0,0,0,2020,
12060,Atlanta-Sandy Springs-Alpharetta,2013,5525057,0,0,0,2020,
12060,Atlanta-Sandy Springs-Alpharetta,2014,5608153,0,0,0,2020,
12060,Atlanta-Sandy Springs-Alpharetta,2015,5701646,0,0,0,2020,
12060,Atlanta-Sandy Springs-Alpharetta,2016,5804834,0,0,0,2020,
12060,Atlanta-Sandy Springs-Alpharetta,2017,5890993,0,0,0,2020,
12060,Atlanta-Sandy Springs-Alpharetta,2018,5965462,0,0,0,2020,
12060,Atlanta-Sandy Springs-Alpharetta,2019,6041922,0,0,0,2020,
12060,Atlanta-Sandy Springs-Alpharetta,2020,6121086,0,0,0,2024,VINTAGE_MISMATCH
12060,Atlanta-Sandy Springs-Alpharetta,2021,6160570,0,0,0,2024,
12060,Atlanta-Sandy Springs-Alpharetta,2022,6253070,0,0,0,2024,
12060,Atlanta-Sandy Springs-Alpharetta,2023,6336015,0,0,0,2024,
12060,Atlanta-Sandy Springs-Alpharetta,2024,6329839,34096,14104,22167,2024,
12420,Austin-Round Rock-Georgetown,2010,1727514,0,0,0,2020,
12420,Austin-Round Rock-Georgetown,2011,1780679,0,0,0,2020,
12420,Austin-Round Rock-Georgetown,2012,1834861,0,0,0,2020,
12420,Austin-Round Rock-Georgetown,2013,1883749,0,0,0,2020,
12420,Austin-Round Rock-Georgetown,2014,1943017,0,0,0,2020,
12420,Austin-Round Rock-Georgetown,2015,2002814,0,0,0,2020,
12420,Austin-Round Rock-Georgetown,2016,2062808,0,0,0,2020,
12420,Austin-Round Rock-Georgetown,2017,2115999,0,0,0,2020,
12420,Austin-Round Rock-Georgetown,2018,2166805,0,0,0,2020,
12420,Austin-Round Rock-Georgetown,2019,2228106,0,0,0,2020,
12420,Austin-Round Rock-Georgetown,2020,2300249,0,0,0,2024,VINTAGE_MISMATCH
12420,Austin-Round Rock-Georgetown,2021,2359088,0,0,0,2024,
12420,Austin-Round Rock-Georgetown,2022,2430375,0,0,0,2024,
12420,Austin-Round Rock-Georgetown,2023,2492618,0,0,0,2024,
12420,Austin-Round Rock-Georgetown,2024,2520937,8315,4005,12108,2024,
13820,Birmingham-Hoover,2010,1128723,0,0,0,2020,
13820,Birmingham-Hoover,2011,1130700,0,0,0,2020,
13820,Birmingham-Hoover,2012,1133835,0,0,0,2020,
13820,Birmingham-Hoover,2013,1138900,0,0,0,2020,
13820,Birmingham-Hoover,2014,1141727,0,0,0,2020,
13820,Birmingham-Hoover,2015,1145064,0,0,0,2020,
13820,Birmingham-Hoover,2016,1147877,0,0,0,2020,
13820,Birmingham-Hoover,2017,1150078,0,0,0,2020,
13820,Birmingham-Hoover,2018,1152246,0,0,0,2020,
13820,Birmingham-Hoover,2019,1154596,0,0,0,2020,
13820,Birmingham-Hoover,2020,1181816,0,0,0,2024,VINTAGE_MISMATCH
13820,Birmingham-Hoover,2021,1181164,0,0,0,2024,
13820,Birmingham-Hoover,2022,1181300,0,0,0,2024,
13820,Birmingham-Hoover,2023,1186201,0,0,0,2024,
13820,Birmingham-Hoover,2024,1120892,-2540,2409,3877,2024,IMPLAUSIBLE_CHANGE
14460,Boston-Cambridge-Newton,2010,4566448,0,0,0,2020,
14460,Boston-Cambridge-Newton,2011,4610267,0,0,0,2020,
14460,Boston-Cambridge-Newton,2012,4657545,0,0,0,2020,
14460,Boston-Cambridge-Newton,2013,4704297,0,0,0,2020,
14460,Boston-Cambridge-Newton,2014,4748757,0,0,0,2020,
14460,Boston-Cambridge-Newton,2015,4780848,0,0,0,2020,
14460,Boston-Cambridge-Newton,2016,4812039,0,0,0,2020,
14460,Boston-Cambridge-Newton,2017,4845221,0,0,0,2020,
14460,Boston-Cambridge-Newton,2018,4862290,0,0,0,2020,
14460,Boston-Cambridge-Newton,2019,4876271,0,0,0,2020,
14460,Boston-Cambridge-Newton,2020,4930540,0,0,0,2024,VINTAGE_MISMATCH
14460,Boston-Cambridge-Newton,2021,4911669,0,0,0,2024,
14460,Boston-Cambridge-Newton,2022,4931775,0,0,0,2024,
14460,Boston-Cambridge-Newton,2023,4967266,0,0,0,2024,
14460,Boston-Cambridge-Newton,2024,4939996,-12859,13104,23567,2024,
14860,Bridgeport-Stamford-Norwalk,2010,913609,0,0,0,2011,
14860,Bridgeport-Stamford-Norwalk,2011,916358,0,0,0,2012,
14860,Bridgeport-Stamford-Norwalk,2012,919116,0,0,0,2013,
14860,Bridgeport-Stamford-Norwalk,2013,921881,0,0,0,2014,
14860,Bridgeport-Stamford-Norwalk,2014,924655,0,0,0,2015,
14860,Bridgeport-Stamford-Norwalk,2015,927437,0,0,0,2016,
14860,Bridgeport-Stamford-Norwalk,2016,930228,0,0,0,2017,
14860,Bridgeport-Stamford-Norwalk,2017,933027,0,0,0,2018,
14860,Bridgeport-Stamford-Norwalk,2018,935835,0,0,0,2019,
14860,Bridgeport-Stamford-Norwalk,2019,938651,0,0,0,2020,
14860,Bridgeport-Stamford-Norwalk,2020,943159,0,0,0,2024,VINTAGE_MISMATCH
14860,Bridgeport-Stamford-Norwalk,2021,950726,0,0,0,2024,
14860,Bridgeport-Stamford-Norwalk,2022,953585,0,0,0,2024,
14860,Bridgeport-Stamford-Norwalk,2023,950000,0,0,0,2024,
14860,Bridgeport-Stamford-Norwalk,2024,952858,0,0,0,2024,
15380,Buffalo-Cheektowaga,2010,1135634,0,0,0,2020,
15380,Buffalo-Cheektowaga,2011,1135627,0,0,0,2020,
15380,Buffalo-Cheektowaga,2012,1134722,0,0,0,2020,
15380,Buffalo-Cheektowaga,2013,1135140,0,0,0,2020,
15380,Buffalo-Cheektowaga,2014,1135265,0,0,0,2020,
15380,Buffalo-Cheektowaga,2015,1133249,0,0,0,2020,
15380,Buffalo-Cheektowaga,2016,1130547,0,0,0,2020,
15380,Buffalo-Cheektowaga,2017,1130289,0,0,0,2020,
15380,Buffalo-Cheektowaga,2018,1130241,0,0,0,2020,
15380,Buffalo-Cheektowaga,2019,1128376,0,0,0,2020,
15380,Buffalo-Cheektowaga,2020,1164486,0,0,0,2024,VINTAGE_MISMATCH
15380,Buffalo-Cheektowaga,2021,1164777,0,0,0,2024,
15380,Buffalo-Cheektowaga,2022,1159211,0,0,0,2024,
15380,Buffalo-Cheektowaga,2023,1158070,0,0,0,2024,
15380,Buffalo-Cheektowaga,2024,1124378,551,3523,4979,2024,
16740,Charlotte-Concord-Gastonia,2010,2250187,0,0,0,2020,
16740,Charlotte-Concord-Gastonia,2011,2281611,0,0,0,2020,
16740,Charlotte-Concord-Gastonia,2012,2319298,0,0,0,2020,
16740,Charlotte-Concord-Gastonia,2013,2359584,0,0,0,2020,
16740,Charlotte-Concord-Gastonia,2014,2401734,0,0,0,2020,
16740,Charlotte-Concord-Gastonia,2015,2449506,0,0,0,2020,
16740,Charlotte-Concord-Gastonia,2016,2501838,0,0,0,2020,
16740,Charlotte-Concord-Gastonia,2017,2552701,0,0,0,2020,
16740,Charlotte-Concord-Gastonia,2018,2596204,0,0,0,2020,
16740,Charlotte-Concord-Gastonia,2019,2640117,0,0,0,2020,
16740,Charlotte-Concord-Gastonia,2020,2668364,0,0,0,2024,VINTAGE_MISMATCH
16740,Charlotte-Concord-Gastonia,2021,2706843,0,0,0,2024,
16740,Charlotte-Concord-Gastonia,2022,2761265,0,0,0,2024,
16740,Charlotte-Concord-Gastonia,2023,2822194,0,0,0,2024,
16740,Charlotte-Concord-Gastonia,2024,2799336,6173,9893,11452,2024,
16980,Chicago-Naperville-Elgin,2010,9304032,0,0,0,2020,
16980,Chicago-Naperville-Elgin,2011,9334048,0,0,0,2020,
16980,Chicago-Naperville-Elgin,2012,9360861,0,0,0,2020,
16980,Chicago-Naperville-Elgin,2013,9382847,0,0,0,2020,
16980,Chicago-Naperville-Elgin,2014,9392347,0,0,0,2020,
16980,Chicago-Naperville-Elgin,2015,9384307,0,0,0,2020,
16980,Chicago-Naperville-Elgin,2016,9365720,0,0,0,2020,
16980,Chicago-Naperville-Elgin,2017,9345455,0,0,0,2020,
16980,Chicago-Naperville-Elgin,2018,9316349,0,0,0,2020,
16980,Chicago-Naperville-Elgin,2019,9284522,0,0,0,2020,
16980,Chicago-Naperville-Elgin,2020,9439531,0,0,0,2024,VINTAGE_MISMATCH
16980,Chicago-Naperville-Elgin,2021,9362043,0,0,0,2024,
16980,Chicago-Naperville-Elgin,2022,9310017,0,0,0,2024,
16980,Chicago-Naperville-Elgin,2023,9337814,0,0,0,2024,
16980,Chicago-Naperville-Elgin,2024,9376390,-27730,25574,49073,2024,
17460,Cincinnati,2010,2173429,0,0,0,2011,
17460,Cincinnati,2011,2179969,0,0,0,2012,
17460,Cincinnati,2012,2186528,0,0,0,2013,
17460,Cincinnati,2013,2193108,0,0,0,2014,
17460,Cincinnati,2014,2199707,0,0,0,2015,
17460,Cincinnati,2015,2206326,0,0,0,2016,
17460,Cincinnati,2016,2212965,0,0,0,2017,
17460,Cincinnati,2017,2219623,0,0,0,2018,
17460,Cincinnati,2018,2226302,0,0,0,2019,
17460,Cincinnati,2019,2233001,0,0,0,2020,
17460,Cincinnati,2020,2239720,0,0,0,2021,VINTAGE_MISMATCH
17460,Cincinnati,2021,2246460,0,0,0,2022,
17460,Cincinnati,2022,2253220,0,0,0,2023,
17460,Cincinnati,2023,2260000,0,0,0,2024,
17460,Cincinnati,2024,2266800,0,0,0,2024,
18140,Columbus,2010,1906408,0,0,0,2020,
18140,Columbus,2011,1926556,0,0,0,2020,
18140,Columbus,2012,1947602,0,0,0,2020,
18140,Columbus,2013,1974649,0,0,0,2020,
18140,Columbus,2014,2002402,0,0,0,2020,
18140,Columbus,2015,2028506,0,0,0,2020,
18140,Columbus,2016,2053509,0,0,0,2020,
18140,Columbus,2017,2084070,0,0,0,2020,
18140,Columbus,2018,2105684,0,0,0,2020,
18140,Columbus,2019,2125507,0,0,0,2020,
18140,Columbus,2020,2142023,0,0,0,2024,VINTAGE_MISMATCH
18140,Columbus,2021,2147585,0,0,0,2024,
18140,Columbus,2022,2168930,0,0,0,2024,
18140,Columbus,2023,2195029,0,0,0,2024,
18140,Columbus,2024,2177049,678,8629,8664,2024,
19100,Dallas-Fort Worth-Arlington,2010,6392097,0,0,0,2020,
19100,Dallas-Fort Worth-Arlington,2011,6510550,0,0,0,2020,
19100,Dallas-Fort Worth-Arlington,2012,6644519,0,0,0,2020,
19100,Dallas-Fort Worth-Arlington,2013,6753804,0,0,0,2020,
19100,Dallas-Fort Worth-Arlington,2014,6889603,0,0,0,2020,
19100,Dallas-Fort Worth-Arlington,2015,7042322,0,0,0,2020,
19100,Dallas-Fort Worth-Arlington,2016,7195475,0,0,0,2020,
19100,Dallas-Fort Worth-Arlington,2017,7337707,0,0,0,2020,
19100,Dallas-Fort Worth-Arlington,2018,7457586,0,0,0,2020,
19100,Dallas-Fort Worth-Arlington,2019,7574390,0,0,0,2020,
19100,Dallas-Fort Worth-Arlington,2020,7667594,0,0,0,2024,VINTAGE_MISMATCH
19100,Dallas-Fort Worth-Arlington,2021,7776611,0,0,0,2024,
19100,Dallas-Fort Worth-Arlington,2022,7973603,0,0,0,2024,
19100,Dallas-Fort Worth-Arlington,2023,8166110,0,0,0,2024,
19100,Dallas-Fort Worth-Arlington,2024,8251748,27865,19336,30858,2024,
19740,Denver-Aurora-Lakewood,2010,2554588,0,0,0,2020,
19740,Denver-Aurora-Lakewood,2011,2603261,0,0,0,2020,
19740,Denver-Aurora-Lakewood,2012,2650895,0,0,0,2020,
19740,Denver-Aurora-Lakewood,2013,2701454,0,0,0,2020,
19740,Denver-Aurora-Lakewood,2014,2755153,0,0,0,2020,
19740,Denver-Aurora-Lakewood,2015,2814383,0,0,0,2020,
19740,Denver-Aurora-Lakewood,2016,2858489,0,0,0,2020,
19740,Denver-Aurora-Lakewood,2017,2893661,0,0,0,2020,
19740,Denver-Aurora-Lakewood,2018,2933991,0,0,0,2020,
19740,Denver-Aurora-Lakewood,2019,2964811,0,0,0,2020,
19740,Denver-Aurora-Lakewood,2020,2970243,0,0,0,2024,VINTAGE_MISMATCH
19740,Denver-Aurora-Lakewood,2021,2978410,0,0,0,2024,
19740,Denver-Aurora-Lakewood,2022,2991705,0,0,0,2024,
19740,Denver-Aurora-Lakewood,2023,3020750,0,0,0,2024,
19740,Denver-Aurora-Lakewood,2024,3027591,18704,5321,8702,2024,
24340,Grand Rapids-Kentwood,2010,1053362,0,0,0,2020,
24340,Grand Rapids-Kentwood,2011,1061511,0,0,0,2020,
24340,Grand Rapids-Kentwood,2012,1072754,0,0,0,2020,
24340,Grand Rapids-Kentwood,2013,1084699,0,0,0,2020,
24340,Grand Rapids-Kentwood,2014,1095717,0,0,0,2020,
24340,Grand Rapids-Kentwood,2015,1104525,0,0,0,2020,
24340,Grand Rapids-Kentwood,2016,1114909,0,0,0,2020,
24340,Grand Rapids-Kentwood,2017,1124709,0,0,0,2020,
24340,Grand Rapids-Kentwood,2018,1132553,0,0,0,2020,
24340,Grand Rapids-Kentwood,2019,1138103,0,0,0,2020,
24340,Grand Rapids-Kentwood,2020,1151580,0,0,0,2024,VINTAGE_MISMATCH
24340,Grand Rapids-Kentwood,2021,1154728,0,0,0,2024,
24340,Grand Rapids-Kentwood,2022,1158524,0,0,0,2024,
24340,Grand Rapids-Kentwood,2023,1167100,0,0,0,2024,
24340,Grand Rapids-Kentwood,2024,1098070,3475,3767,2991,2024,IMPLAUSIBLE_CHANGE
25540,Hartford-East Hartford-Middletown,2010,1163650,0,0,0,2011,
25540,Hartford-East Hartford-Middletown,2011,1167151,0,0,0,2012,
25540,Hartford-East Hartford-Middletown,2012,1170663,0,0,0,2013,
25540,Hartford-East Hartford-Middletown,2013,1174186,0,0,0,2014,
25540,Hartford-East Hartford-Middletown,2014,1177719,0,0,0,2015,
25540,Hartford-East Hartford-Middletown,2015,1181263,0,0,0,2016,
25540,Hartford-East Hartford-Middletown,2016,1184817,0,0,0,2017,
25540,Hartford-East Hartford-Middletown,2017,1188382,0,0,0,2018,
25540,Hartford-East Hartford-Middletown,2018,1191958,0,0,0,2019,
25540,Hartford-East Hartford-Middletown,2019,1195545,0,0,0,2020,
25540,Hartford-East Hartford-Middletown,2020,1137369,0,0,0,2024,VINTAGE_MISMATCH
25540,Hartford-East Hartford-Middletown,2021,1147394,0,0,0,2024,
25540,Hartford-East Hartford-Middletown,2022,1151750,0,0,0,2024,
25540,Hartford-East Hartford-Middletown,2023,1210000,0,0,0,2024,
25540,Hartford-East Hartford-Middletown,2024,1213640,0,0,0,2024,
26420,Houston-The Woodlands-Sugar Land,2010,5973665,0,0,0,2020,
26420,Houston-The Woodlands-Sugar Land,2011,6082797,0,0,0,2020,
26420,Houston-The Woodlands-Sugar Land,2012,6210075,0,0,0,2020,
26420,Houston-The Woodlands-Sugar Land,2013,6354367,0,0,0,2020,
26420,Houston-The Woodlands-Sugar Land,2014,6526441,0,0,0,2020,
26420,Houston-The Woodlands-Sugar Land,2015,6698179,0,0,0,2020,
26420,Houston-The Woodlands-Sugar Land,2016,6834058,0,0,0,2020,
26420,Houston-The Woodlands-Sugar Land,2017,6927145,0,0,0,2020,
26420,Houston-The Woodlands-Sugar Land,2018,7003672,0,0,0,2020,
26420,Houston-The Woodlands-Sugar Land,2019,7092267,0,0,0,2020,
26420,Houston-The Woodlands-Sugar Land,2020,7169728,0,0,0,2024,VINTAGE_MISMATCH
26420,Houston-The Woodlands-Sugar Land,2021,7246956,0,0,0,2024,
26420,Houston-The Woodlands-Sugar Land,2022,7403068,0,0,0,2024,
26420,Houston-The Woodlands-Sugar Land,2023,7598011,0,0,0,2024,
26420,Houston-The Woodlands-Sugar Land,2024,7426094,19002,20839,33716,2024,
26900,Indianapolis-Carmel-Anderson,2010,1870638,0,0,0,2020,
26900,Indianapolis-Carmel-Anderson,2011,1888844,0,0,0,2020,
26900,Indianapolis-Carmel-Anderson,2012,1908016,0,0,0,2020,
26900,Indianapolis-Carmel-Anderson,2013,1932139,0,0,0,2020,
26900,Indianapolis-Carmel-Anderson,2014,1949570,0,0,0,2020,
26900,Indianapolis-Carmel-Anderson,2015,1964773,0,0,0,2020,
26900,Indianapolis-Carmel-Anderson,2016,1985847,0,0,0,2020,
26900,Indianapolis-Carmel-Anderson,2017,2006712,0,0,0,2020,
26900,Indianapolis-Carmel-Anderson,2018,2031081,0,0,0,2020,
26900,Indianapolis-Carmel-Anderson,2019,2050903,0,0,0,2020,
26900,Indianapolis-Carmel-Anderson,2020,2092864,0,0,0,2024,VINTAGE_MISMATCH
26900,Indianapolis-Carmel-Anderson,2021,2107860,0,0,0,2024,
26900,Indianapolis-Carmel-Anderson,2022,2126541,0,0,0,2024,
26900,Indianapolis-Carmel-Anderson,2023,2148172,0,0,0,2024,
26900,Indianapolis-Carmel-Anderson,2024,2114653,1590,4843,9821,2024,
27260,Jacksonville,2010,1348967,0,0,0,2020,
27260,Jacksonville,2011,1362204,0,0,0,2020,
27260,Jacksonville,2012,1378027,0,0,0,2020,
27260,Jacksonville,2013,1394024,0,0,0,2020,
27260,Jacksonville,2014,1417222,0,0,0,2020,
27260,Jacksonville,2015,1445619,0,0,0,2020,
27260,Jacksonville,2016,1477702,0,0,0,2020,
27260,Jacksonville,2017,1506894,0,0,0,2020,
27260,Jacksonville,2018,1534682,0,0,0,2020,
27260,Jacksonville,2019,1561806,0,0,0,2020,
27260,Jacksonville,2020,1613045,0,0,0,2024,VINTAGE_MISMATCH
27260,Jacksonville,2021,1641662,0,0,0,2024,
27260,Jacksonville,2022,1681346,0,0,0,2024,
27260,Jacksonville,2023,1723198,0,0,0,2024,
27260,Jacksonville,2024,1734813,1074,6810,6781,2024,
28140,Kansas City,2010,2013423,0,0,0,2020,
28140,Kansas City,2011,2025864,0,0,0,2020,
28140,Kansas City,2012,2039210,0,0,0,2020,
28140,Kansas City,2013,2054764,0,0,0,2020,
28140,Kansas City,2014,2070383,0,0,0,2020,
28140,Kansas City,2015,2087407,0,0,0,2020,
28140,Kansas City,2016,2108768,0,0,0,2020,
28140,Kansas City,2017,2129425,0,0,0,2020,
28140,Kansas City,2018,2147602,0,0,0,2020,
28140,Kansas City,2019,2161639,0,0,0,2020,
28140,Kansas City,2020,2195288,0,0,0,2024,VINTAGE_MISMATCH
28140,Kansas City,2021,2203618,0,0,0,2024,
28140,Kansas City,2022,2209457,0,0,0,2024,
28140,Kansas City,2023,2228762,0,0,0,2024,
28140,Kansas City,2024,2205022,-3428,4329,8371,2024,
29820,Las Vegas-Henderson-Paradise,2010,1952640,0,0,0,2020,
29820,Las Vegas-Henderson-Paradise,2011,1962162,0,0,0,2020,
29820,Las Vegas-Henderson-Paradise,2012,1989644,0,0,0,2020,
29820,Las Vegas-Henderson-Paradise,2013,2017798,0,0,0,2020,
29820,Las Vegas-Henderson-Paradise,2014,2053929,0,0,0,2020,
29820,Las Vegas-Henderson-Paradise,2015,2097832,0,0,0,2020,
29820,Las Vegas-Henderson-Paradise,2016,2140240,0,0,0,2020,
29820,Las Vegas-Henderson-Paradise,2017,2183273,0,0,0,2020,
29820,Las Vegas-Henderson-Paradise,2018,2228970,0,0,0,2020,
29820,Las Vegas-Henderson-Paradise,2019,2275884,0,0,0,2020,
29820,Las Vegas-Henderson-Paradise,2020,2275970,0,0,0,2024,VINTAGE_MISMATCH
29820,Las Vegas-Henderson-Paradise,2021,2296651,0,0,0,2024,
29820,Las Vegas-Henderson-Paradise,2022,2321961,0,0,0,2024,
29820,Las Vegas-Henderson-Paradise,2023,2354285,0,0,0,2024,
29820,Las Vegas-Henderson-Paradise,2024,2373426,7150,3485,12223,2024,
31080,Los Angeles-Long Beach-Anaheim,2010,12838023,0,0,0,2020,
31080,Los Angeles-Long Beach-Anaheim,2011,12923899,0,0,0,2020,
31080,Los Angeles-Long Beach-Anaheim,2012,13010104,0,0,0,2020,
31080,Los Angeles-Long Beach-Anaheim,2013,13092451,0,0,0,2020,
31080,Los Angeles-Long Beach-Anaheim,2014,13159972,0,0,0,2020,
31080,Los Angeles-Long Beach-Anaheim,2015,13226215,0,0,0,2020,
31080,Los Angeles-Long Beach-Anaheim,2016,13259142,0,0,0,2020,
31080,Los Angeles-Long Beach-Anaheim,2017,13266524,0,0,0,2020,
31080,Los Angeles-Long Beach-Anaheim,2018,13237112,0,0,0,2020,
31080,Los Angeles-Long Beach-Anaheim,2019,13182453,0,0,0,2020,
31080,Los Angeles-Long Beach-Anaheim,2020,13182895,0,0,0,2024,VINTAGE_MISMATCH
31080,Los Angeles-Long Beach-Anaheim,2021,12968590,0,0,0,2024,
31080,Los Angeles-Long Beach-Anaheim,2022,12906936,0,0,0,2024,
31080,Los Angeles-Long Beach-Anaheim,2023,12886400,0,0,0,2024,
31080,Los Angeles-Long Beach-Anaheim,2024,12919190,15040,37090,40673,2024,
31140,Louisville/Jefferson County,2010,1277011,0,0,0,2020,
31140,Louisville/Jefferson County,2011,1285707,0,0,0,2020,
31140,Louisville/Jefferson County,2012,1294106,0,0,0,2020,
31140,Louisville/Jefferson County,2013,1306327,0,0,0,2020,
31140,Louisville/Jefferson County,2014,1313786,0,0,0,2020,
31140,Louisville/Jefferson County,2015,1319679,0,0,0,2020,
31140,Louisville/Jefferson County,2016,1326577,0,0,0,2020,
31140,Louisville/Jefferson County,2017,1334004,0,0,0,2020,
31140,Louisville/Jefferson County,2018,1337239,0,0,0,2020,
31140,Louisville/Jefferson County,2019,1341031,0,0,0,2020,
31140,Louisville/Jefferson County,2020,1363012,0,0,0,2024,VINTAGE_MISMATCH
31140,Louisville/Jefferson County,2021,1361854,0,0,0,2024,
31140,Louisville/Jefferson County,2022,1365960,0,0,0,2024,
31140,Louisville/Jefferson County,2023,1377729,0,0,0,2024,
31140,Louisville/Jefferson County,2024,1297489,-1352,4273,5513,2024,IMPLAUSIBLE_CHANGE
32820,Memphis,2010,1326229,0,0,0,2020,
32820,Memphis,2011,1332672,0,0,0,2020,
32820,Memphis,2012,1340386,0,0,0,2020,
32820,Memphis,2013,1341081,0,0,0,2020,
32820,Memphis,2014,1342349,0,0,0,2020,
32820,Memphis,2015,1343712,0,0,0,2020,
32820,Memphis,2016,1345404,0,0,0,2020,
32820,Memphis,2017,1347945,0,0,0,2020,
32820,Memphis,2018,1352126,0,0,0,2020,
32820,Memphis,2019,1354624,0,0,0,2020,
32820,Memphis,2020,1346224,0,0,0,2024,VINTAGE_MISMATCH
32820,Memphis,2021,1342425,0,0,0,2024,
32820,Memphis,2022,1341175,0,0,0,2024,
32820,Memphis,2023,1340448,0,0,0,2024,
32820,Memphis,2024,1342192,-1395,3379,6843,2024,
33100,Miami-Fort Lauderdale-Pompano Beach,2010,5583460,0,0,0,2020,
33100,Miami-Fort Lauderdale-Pompano Beach,2011,5668482,0,0,0,2020,
33100,Miami-Fort Lauderdale-Pompano Beach,2012,5746090,0,0,0,2020,
33100,Miami-Fort Lauderdale-Pompano Beach,2013,5823221,0,0,0,2020,
33100,Miami-Fort Lauderdale-Pompano Beach,2014,5894379,0,0,0,2020,
33100,Miami-Fort Lauderdale-Pompano Beach,2015,5969756,0,0,0,2020,
33100,Miami-Fort Lauderdale-Pompano Beach,2016,6055139,0,0,0,2020,
33100,Miami-Fort Lauderdale-Pompano Beach,2017,6115654,0,0,0,2020,
33100,Miami-Fort Lauderdale-Pompano Beach,2018,6140602,0,0,0,2020,
33100,Miami-Fort Lauderdale-Pompano Beach,2019,6164887,0,0,0,2020,
33100,Miami-Fort Lauderdale-Pompano Beach,2020,6133502,0,0,0,2024,VINTAGE_MISMATCH
33100,Miami-Fort Lauderdale-Pompano Beach,2021,6109257,0,0,0,2024,
33100,Miami-Fort Lauderdale-Pompano Beach,2022,6211194,0,0,0,2024,
33100,Miami-Fort Lauderdale-Pompano Beach,2023,6334517,0,0,0,2024,
33100,Miami-Fort Lauderdale-Pompano Beach,2024,6214895,-6329,15426,26213,2024,
33340,Milwaukee-Waukesha,2010,1556708,0,0,0,2020,
33340,Milwaukee-Waukesha,2011,1561423,0,0,0,2020,
33340,Milwaukee-Waukesha,2012,1567445,0,0,0,2020,
33340,Milwaukee-Waukesha,2013,1572002,0,0,0,2020,
33340,Milwaukee-Waukesha,2014,1575389,0,0,0,2020,
33340,Milwaukee-Waukesha,2015,1576894,0,0,0,2020,
33340,Milwaukee-Waukesha,2016,1576522,0,0,0,2020,
33340,Milwaukee-Waukesha,2017,1575443,0,0,0,2020,
33340,Milwaukee-Waukesha,2018,1575530,0,0,0,2020,
33340,Milwaukee-Waukesha,2019,1577455,0,0,0,2020,
33340,Milwaukee-Waukesha,2020,1574565,0,0,0,2024,VINTAGE_MISMATCH
33340,Milwaukee-Waukesha,2021,1563631,0,0,0,2024,
33340,Milwaukee-Waukesha,2022,1564152,0,0,0,2024,
33340,Milwaukee-Waukesha,2023,1567889,0,0,0,2024,
33340,Milwaukee-Waukesha,2024,1559438,-5947,3989,6410,2024,
33460,Minneapolis-St. Paul-Bloomington,2010,3340070,0,0,0,2020,
33460,Minneapolis-St. Paul-Bloomington,2011,3373773,0,0,0,2020,
33460,Minneapolis-St. Paul-Bloomington,2012,3406567,0,0,0,2020,
33460,Minneapolis-St. Paul-Bloomington,2013,3441688,0,0,0,2020,
33460,Minneapolis-St. Paul-Bloomington,2014,3477325,0,0,0,2020,
33460,Minneapolis-St. Paul-Bloomington,2015,3505122,0,0,0,2020,
33460,Minneapolis-St. Paul-Bloomington,2016,3540411,0,0,0,2020,
33460,Minneapolis-St. Paul-Bloomington,2017,3577815,0,0,0,2020,
33460,Minneapolis-St. Paul-Bloomington,2018,3611648,0,0,0,2020,
33460,Minneapolis-St. Paul-Bloomington,2019,3639892,0,0,0,2020,
33460,Minneapolis-St. Paul-Bloomington,2020,3694260,0,0,0,2024,VINTAGE_MISMATCH
33460,Minneapolis-St. Paul-Bloomington,2021,3696733,0,0,0,2024,
33460,Minneapolis-St. Paul-Bloomington,2022,3696911,0,0,0,2024,
33460,Minneapolis-St. Paul-Bloomington,2023,3722476,0,0,0,2024,
33460,Minneapolis-St. Paul-Bloomington,2024,3684290,-10352,4395,13724,2024,
34980,Nashville-Davidson-Murfreesboro-Franklin,2010,1675536,0,0,0,2020,
34980,Nashville-Davidson-Murfreesboro-Franklin,2011,1699199,0,0,0,2020,
34980,Nashville-Davidson-Murfreesboro-Franklin,2012,1728375,0,0,0,2020,
34980,Nashville-Davidson-Murfreesboro-Franklin,2013,1760042,0,0,0,2020,
34980,Nashville-Davidson-Murfreesboro-Franklin,2014,1793883,0,0,0,2020,
34980,Nashville-Davidson-Murfreesboro-Franklin,2015,1830383,0,0,0,2020,
34980,Nashville-Davidson-Murfreesboro-Franklin,2016,1867660,0,0,0,2020,
34980,Nashville-Davidson-Murfreesboro-Franklin,2017,1901320,0,0,0,2020,
34980,Nashville-Davidson-Murfreesboro-Franklin,2018,1931811,0,0,0,2020,
34980,Nashville-Davidson-Murfreesboro-Franklin,2019,1958610,0,0,0,2020,
34980,Nashville-Davidson-Murfreesboro-Franklin,2020,2021825,0,0,0,2024,VINTAGE_MISMATCH
34980,Nashville-Davidson-Murfreesboro-Franklin,2021,2033685,0,0,0,2024,
34980,Nashville-Davidson-Murfreesboro-Franklin,2022,2077922,0,0,0,2024,
34980,Nashville-Davidson-Murfreesboro-Franklin,2023,2113986,0,0,0,2024,
34980,Nashville-Davidson-Murfreesboro-Franklin,2024,2090960,10950,5171,7269,2024,
35380,New Orleans-Metairie,2010,960804,0,0,0,2020,
35380,New Orleans-Metairie,2011,977309,0,0,0,2020,
35380,New Orleans-Metairie,2012,988110,0,0,0,2020,
35380,New Orleans-Metairie,2013,998020,0,0,0,2020,
35380,New Orleans-Metairie,2014,1004157,0,0,0,2020,
35380,New Orleans-Metairie,2015,1011947,0,0,0,2020,
35380,New Orleans-Metairie,2016,1015957,0,0,0,2020,
35380,New Orleans-Metairie,2017,1015248,0,0,0,2020,
35380,New Orleans-Metairie,2018,1013323,0,0,0,2020,
35380,New Orleans-Metairie,2019,1012676,0,0,0,2020,
35380,New Orleans-Metairie,2020,1005431,0,0,0,2024,VINTAGE_MISMATCH
35380,New Orleans-Metairie,2021,993781,0,0,0,2024,
35380,New Orleans-Metairie,2022,975662,0,0,0,2024,
35380,New Orleans-Metairie,2023,967205,0,0,0,2024,
35380,New Orleans-Metairie,2024,1272451,406,5204,4137,2024,IMPLAUSIBLE_CHANGE
35620,New York-Newark-Jersey City,2010,18866055,0,0,0,2020,
35620,New York-Newark-Jersey City,2011,18996020,0,0,0,2020,
35620,New York-Newark-Jersey City,2012,19094119,0,0,0,2020,
35620,New York-Newark-Jersey City,2013,19171331,0,0,0,2020,
35620,New York-Newark-Jersey City,2014,19226421,0,0,0,2020,
35620,New York-Newark-Jersey City,2015,19266829,0,0,0,2020,
35620,New York-Newark-Jersey City,2016,19281416,0,0,0,2020,
35620,New York-Newark-Jersey City,2017,19269623,0,0,0,2020,
35620,New York-Newark-Jersey City,2018,19233552,0,0,0,2020,
35620,New York-Newark-Jersey City,2019,19176668,0,0,0,2020,
35620,New York-Newark-Jersey City,2020,19991108,0,0,0,2024,VINTAGE_MISMATCH
35620,New York-Newark-Jersey City,2021,19714596,0,0,0,2024,
35620,New York-Newark-Jersey City,2022,19619844,0,0,0,2024,
35620,New York-Newark-Jersey City,2023,19726871,0,0,0,2024,
35620,New York-Newark-Jersey City,2024,19472401,-31649,75122,88668,2024,
36420,Oklahoma City,2010,1257804,0,0,0,2020,
36420,Oklahoma City,2011,1277178,0,0,0,2020,
36420,Oklahoma City,2012,1298039,0,0,0,2020,
36420,Oklahoma City,2013,1320416,0,0,0,2020,
36420,Oklahoma City,2014,1336537,0,0,0,2020,
36420,Oklahoma City,2015,1357524,0,0,0,2020,
36420,Oklahoma City,2016,1373495,0,0,0,2020,
36420,Oklahoma City,2017,1381897,0,0,0,2020,
36420,Oklahoma City,2018,1394449,0,0,0,2020,
36420,Oklahoma City,2019,1409988,0,0,0,2020,
36420,Oklahoma City,2020,1430032,0,0,0,2024,VINTAGE_MISMATCH
36420,Oklahoma City,2021,1444078,0,0,0,2024,
36420,Oklahoma City,2022,1462926,0,0,0,2024,
36420,Oklahoma City,2023,1481480,0,0,0,2024,
36420,Oklahoma City,2024,1475179,-2129,2434,8509,2024,
36740,Orlando-Kissimmee-Sanford,2010,2139227,0,0,0,2020,
36740,Orlando-Kissimmee-Sanford,2011,2176297,0,0,0,2020,
36740,Orlando-Kissimmee-Sanford,2012,2226080,0,0,0,2020,
36740,Orlando-Kissimmee-Sanford,2013,2270811,0,0,0,2020,
36740,Orlando-Kissimmee-Sanford,2014,2325257,0,0,0,2020,
36740,Orlando-Kissimmee-Sanford,2015,2389577,0,0,0,2020,
36740,Orlando-Kissimmee-Sanford,2016,2457432,0,0,0,2020,
36740,Orlando-Kissimmee-Sanford,2017,2519926,0,0,0,2020,
36740,Orlando-Kissimmee-Sanford,2018,2576297,0,0,0,2020,
36740,Orlando-Kissimmee-Sanford,2019,2608273,0,0,0,2020,
36740,Orlando-Kissimmee-Sanford,2020,2680593,0,0,0,2024,VINTAGE_MISMATCH
36740,Orlando-Kissimmee-Sanford,2021,2699313,0,0,0,2024,
36740,Orlando-Kissimmee-Sanford,2022,2783767,0,0,0,2024,
36740,Orlando-Kissimmee-Sanford,2023,2864544,0,0,0,2024,
36740,Orlando-Kissimmee-Sanford,2024,2782384,4898,5818,15816,2024,
37980,Philadelphia-Camden-Wilmington,2010,5971202,0,0,0,2020,
37980,Philadelphia-Camden-Wilmington,2011,5996995,0,0,0,2020,
37980,Philadelphia-Camden-Wilmington,2012,6017788,0,0,0,2020,
37980,Philadelphia-Camden-Wilmington,2013,6031789,0,0,0,2020,
37980,Philadelphia-Camden-Wilmington,2014,6049852,0,0,0,2020,
37980,Philadelphia-Camden-Wilmington,2015,6060137,0,0,0,2020,
37980,Philadelphia-Camden-Wilmington,2016,6070160,0,0,0,2020,
37980,Philadelphia-Camden-Wilmington,2017,6082355,0,0,0,2020,
37980,Philadelphia-Camden-Wilmington,2018,6096805,0,0,0,2020,
37980,Philadelphia-Camden-Wilmington,2019,6104777,0,0,0,2020,
37980,Philadelphia-Camden-Wilmington,2020,6242286,0,0,0,2024,VINTAGE_MISMATCH
37980,Philadelphia-Camden-Wilmington,2021,6254431,0,0,0,2024,
37980,Philadelphia-Camden-Wilmington,2022,6252024,0,0,0,2024,
37980,Philadelphia-Camden-Wilmington,2023,6280902,0,0,0,2024,
37980,Philadelphia-Camden-Wilmington,2024,6249694,-28084,15381,23405,2024,
38060,Phoenix-Mesa-Chandler,2010,4204289,0,0,0,2020,
38060,Phoenix-Mesa-Chandler,2011,4253485,0,0,0,2020,
38060,Phoenix-Mesa-Chandler,2012,4330536,0,0,0,2020,
38060,Phoenix-Mesa-Chandler,2013,4404231,0,0,0,2020,
38060,Phoenix-Mesa-Chandler,2014,4490405,0,0,0,2020,
38060,Phoenix-Mesa-Chandler,2015,4580345,0,0,0,2020,
38060,Phoenix-Mesa-Chandler,2016,4675331,0,0,0,2020,
38060,Phoenix-Mesa-Chandler,2017,4760717,0,0,0,2020,
38060,Phoenix-Mesa-Chandler,2018,4851830,0,0,0,2020,
38060,Phoenix-Mesa-Chandler,2019,4953901,0,0,0,2020,
38060,Phoenix-Mesa-Chandler,2020,4875628,0,0,0,2024,VINTAGE_MISMATCH
38060,Phoenix-Mesa-Chandler,2021,4949233,0,0,0,2024,
38060,Phoenix-Mesa-Chandler,2022,5029933,0,0,0,2024,
38060,Phoenix-Mesa-Chandler,2023,5102020,0,0,0,2024,
38060,Phoenix-Mesa-Chandler,2024,5142002,19825,6674,17681,2024,
38300,Pittsburgh,2010,2448137,0,0,0,2020,
38300,Pittsburgh,2011,2451267,0,0,0,2020,
38300,Pittsburgh,2012,2450812,0,0,0,2020,
38300,Pittsburgh,2013,2449690,0,0,0,2020,
38300,Pittsburgh,2014,2445613,0,0,0,2020,
38300,Pittsburgh,2015,2436868,0,0,0,2020,
38300,Pittsburgh,2016,2428692,0,0,0,2020,
38300,Pittsburgh,2017,2416579,0,0,0,2020,
38300,Pittsburgh,2018,2409949,0,0,0,2020,
38300,Pittsburgh,2019,2403417,0,0,0,2020,
38300,Pittsburgh,2020,2455372,0,0,0,2024,VINTAGE_MISMATCH
38300,Pittsburgh,2021,2450914,0,0,0,2024,
38300,Pittsburgh,2022,2434027,0,0,0,2024,
38300,Pittsburgh,2023,2429469,0,0,0,2024,
38300,Pittsburgh,2024,2361354,-12647,5432,9827,2024,
38900,Portland-Vancouver-Hillsboro,2010,2232270,0,0,0,2020,
38900,Portland-Vancouver-Hillsboro,2011,2263267,0,0,0,2020,
38900,Portland-Vancouver-Hillsboro,2012,2289205,0,0,0,2020,
38900,Portland-Vancouver-Hillsboro,2013,2312095,0,0,0,2020,
38900,Portland-Vancouver-Hillsboro,2014,2345353,0,0,0,2020,
38900,Portland-Vancouver-Hillsboro,2015,2383354,0,0,0,2020,
38900,Portland-Vancouver-Hillsboro,2016,2428626,0,0,0,2020,
38900,Portland-Vancouver-Hillsboro,2017,2457258,0,0,0,2020,
38900,Portland-Vancouver-Hillsboro,2018,2475249,0,0,0,2020,
38900,Portland-Vancouver-Hillsboro,2019,2492479,0,0,0,2020,
38900,Portland-Vancouver-Hillsboro,2020,2517742,0,0,0,2024,VINTAGE_MISMATCH
38900,Portland-Vancouver-Hillsboro,2021,2517316,0,0,0,2024,
38900,Portland-Vancouver-Hillsboro,2022,2510302,0,0,0,2024,
38900,Portland-Vancouver-Hillsboro,2023,2521668,0,0,0,2024,
38900,Portland-Vancouver-Hillsboro,2024,2528060,-13901,9123,8703,2024,
39300,Providence-Warwick,2010,1603169,0,0,0,2020,
39300,Providence-Warwick,2011,1603184,0,0,0,2020,
39300,Providence-Warwick,2012,1606097,0,0,0,2020,
39300,Providence-Warwick,2013,1608055,0,0,0,2020,
39300,Providence-Warwick,2014,1611723,0,0,0,2020,
39300,Providence-Warwick,2015,1613990,0,0,0,2020,
39300,Providence-Warwick,2016,1616229,0,0,0,2020,
39300,Providence-Warwick,2017,1618003,0,0,0,2020,
39300,Providence-Warwick,2018,1624118,0,0,0,2020,
39300,Providence-Warwick,2019,1623254,0,0,0,2020,
39300,Providence-Warwick,2020,1673306,0,0,0,2024,VINTAGE_MISMATCH
39300,Providence-Warwick,2021,1676975,0,0,0,2024,
39300,Providence-Warwick,2022,1680699,0,0,0,2024,
39300,Providence-Warwick,2023,1688482,0,0,0,2024,
39300,Providence-Warwick,2024,1627157,-3254,4605,9171,2024,
39580,Raleigh-Cary,2010,1137386,0,0,0,2020,
39580,Raleigh-Cary,2011,1162307,0,0,0,2020,
39580,Raleigh-Cary,2012,1188058,0,0,0,2020,
39580,Raleigh-Cary,2013,1213826,0,0,0,2020,
39580,Raleigh-Cary,2014,1241647,0,0,0,2020,
39580,Raleigh-Cary,2015,1271668,0,0,0,2020,
39580,Raleigh-Cary,2016,1304551,0,0,0,2020,
39580,Raleigh-Cary,2017,1335179,0,0,0,2020,
39580,Raleigh-Cary,2018,1362879,0,0,0,2020,
39580,Raleigh-Cary,2019,1392356,0,0,0,2020,
39580,Raleigh-Cary,2020,1417148,0,0,0,2024,VINTAGE_MISMATCH
39580,Raleigh-Cary,2021,1451314,0,0,0,2024,
39580,Raleigh-Cary,2022,1483195,0,0,0,2024,
39580,Raleigh-Cary,2023,1522844,0,0,0,2024,
39580,Raleigh-Cary,2024,1510028,8105,5046,5949,2024,
40060,Richmond,2010,1188423,0,0,0,2020,
40060,Richmond,2011,1197332,0,0,0,2020,
40060,Richmond,2012,1211395,0,0,0,2020,
40060,Richmond,2013,1223065,0,0,0,2020,
40060,Richmond,2014,1235618,0,0,0,2020,
40060,Richmond,2015,1247430,0,0,0,2020,
40060,Richmond,2016,1259571,0,0,0,2020,
40060,Richmond,2017,1270792,0,0,0,2020,
40060,Richmond,2018,1282515,0,0,0,2020,
40060,Richmond,2019,1293983,0,0,0,2020,
40060,Richmond,2020,1316742,0,0,0,2024,VINTAGE_MISMATCH
40060,Richmond,2021,1326573,0,0,0,2024,
40060,Richmond,2022,1339341,0,0,0,2024,
40060,Richmond,2023,1353426,0,0,0,2024,
40060,Richmond,2024,1347287,-4333,5356,7274,2024,
40140,Riverside-San Bernardino-Ontario,2010,4242365,0,0,0,2020,
40140,Riverside-San Bernardino-Ontario,2011,4294436,0,0,0,2020,
40140,Riverside-San Bernardino-Ontario,2012,4333851,0,0,0,2020,
40140,Riverside-San Bernardino-Ontario,2013,4368188,0,0,0,2020,
40140,Riverside-San Bernardino-Ontario,2014,4413584,0,0,0,2020,
40140,Riverside-San Bernardino-Ontario,2015,4459000,0,0,0,2020,
40140,Riverside-San Bernardino-Ontario,2016,4509008,0,0,0,2020,
40140,Riverside-San Bernardino-Ontario,2017,4562905,0,0,0,2020,
40140,Riverside-San Bernardino-Ontario,2018,4608848,0,0,0,2020,
40140,Riverside-San Bernardino-Ontario,2019,4642848,0,0,0,2020,
40140,Riverside-San Bernardino-Ontario,2020,4608189,0,0,0,2024,VINTAGE_MISMATCH
40140,Riverside-San Bernardino-Ontario,2021,4646102,0,0,0,2024,
40140,Riverside-San Bernardino-Ontario,2022,4675657,0,0,0,2024,
40140,Riverside-San Bernardino-Ontario,2023,4704354,0,0,0,2024,
40140,Riverside-San Bernardino-Ontario,2024,4792695,30432,13061,8620,2024,
40380,Rochester,2010,1054599,0,0,0,2020,
40380,Rochester,2011,1056182,0,0,0,2020,
40380,Rochester,2012,1056323,0,0,0,2020,
40380,Rochester,2013,1056742,0,0,0,2020,
40380,Rochester,2014,1055218,0,0,0,2020,
40380,Rochester,2015,1052305,0,0,0,2020,
40380,Rochester,2016,1049604,0,0,0,2020,
40380,Rochester,2017,1047927,0,0,0,2020,
40380,Rochester,2018,1048300,0,0,0,2020,
40380,Rochester,2019,1045649,0,0,0,2020,
40380,Rochester,2020,1062975,0,0,0,2024,VINTAGE_MISMATCH
40380,Rochester,2021,1061174,0,0,0,2024,
40380,Rochester,2022,1055881,0,0,0,2024,
40380,Rochester,2023,1054815,0,0,0,2024,
40380,Rochester,2024,1087365,-1923,2815,5460,2024,
40900,Sacramento-Roseville-Folsom,2010,2153610,0,0,0,2020,
40900,Sacramento-Roseville-Folsom,2011,2172929,0,0,0,2020,
40900,Sacramento-Roseville-Folsom,2012,2190259,0,0,0,2020,
40900,Sacramento-Roseville-Folsom,2013,2210494,0,0,0,2020,
40900,Sacramento-Roseville-Folsom,2014,2235594,0,0,0,2020,
40900,Sacramento-Roseville-Folsom,2015,2263042,0,0,0,2020,
40900,Sacramento-Roseville-Folsom,2016,2292043,0,0,0,2020,
40900,Sacramento-Roseville-Folsom,2017,2320595,0,0,0,2020,
40900,Sacramento-Roseville-Folsom,2018,2343292,0,0,0,2020,
40900,Sacramento-Roseville-Folsom,2019,2363654,0,0,0,2020,
40900,Sacramento-Roseville-Folsom,2020,2401696,0,0,0,2024,VINTAGE_MISMATCH
40900,Sacramento-Roseville-Folsom,2021,2409061,0,0,0,2024,
40900,Sacramento-Roseville-Folsom,2022,2423591,0,0,0,2024,
40900,Sacramento-Roseville-Folsom,2023,2434464,0,0,0,2024,
40900,Sacramento-Roseville-Folsom,2024,2473639,7535,10762,6153,2024,
41180,San Jose-Sunnyvale-Santa Clara,2010,2790104,0,0,0,2020,
41180,San Jose-Sunnyvale-Santa Clara,2011,2795528,0,0,0,2020,
41180,San Jose-Sunnyvale-Santa Clara,2012,2797309,0,0,0,2020,
41180,San Jose-Sunnyvale-Santa Clara,2013,2800314,0,0,0,2020,
41180,San Jose-Sunnyvale-Santa Clara,2014,2804482,0,0,0,2020,
41180,San Jose-Sunnyvale-Santa Clara,2015,2808808,0,0,0,2020,
41180,San Jose-Sunnyvale-Santa Clara,2016,2807245,0,0,0,2020,
41180,San Jose-Sunnyvale-Santa Clara,2017,2807599,0,0,0,2020,
41180,San Jose-Sunnyvale-Santa Clara,2018,2805800,0,0,0,2020,
41180,San Jose-Sunnyvale-Santa Clara,2019,2805617,0,0,0,2020,
41180,San Jose-Sunnyvale-Santa Clara,2020,2819885,0,0,0,2024,VINTAGE_MISMATCH
41180,San Jose-Sunnyvale-Santa Clara,2021,2813562,0,0,0,2024,
41180,San Jose-Sunnyvale-Santa Clara,2022,2803371,0,0,0,2024,
41180,San Jose-Sunnyvale-Santa Clara,2023,2805507,0,0,0,2024,
41180,San Jose-Sunnyvale-Santa Clara,2024,2012485,-9965,4889,5677,2024,IMPLAUSIBLE_CHANGE
41620,Salt Lake City,2010,1091499,0,0,0,2020,
41620,Salt Lake City,2011,1106900,0,0,0,2020,
41620,Salt Lake City,2012,1123950,0,0,0,2020,
41620,Salt Lake City,2013,1140316,0,0,0,2020,
41620,Salt Lake City,2014,1151813,0,0,0,2020,
41620,Salt Lake City,2015,1165366,0,0,0,2020,
41620,Salt Lake City,2016,1185394,0,0,0,2020,
41620,Salt Lake City,2017,1204763,0,0,0,2020,
41620,Salt Lake City,2018,1218895,0,0,0,2020,
41620,Salt Lake City,2019,1230695,0,0,0,2020,
41620,Salt Lake City,2020,1260379,0,0,0,2024,VINTAGE_MISMATCH
41620,Salt Lake City,2021,1263290,0,0,0,2024,
41620,Salt Lake City,2022,1272236,0,0,0,2024,
41620,Salt Lake City,2023,1282681,0,0,0,2024,
41620,Salt Lake City,2024,1261699,-946,5697,5528,2024,
41700,San Antonio-New Braunfels,2010,2153021,0,0,0,2020,
41700,San Antonio-New Braunfels,2011,2193950,0,0,0,2020,
41700,San Antonio-New Braunfels,2012,2237076,0,0,0,2020,
41700,San Antonio-New Braunfels,2013,2280116,0,0,0,2020,
41700,San Antonio-New Braunfels,2014,2328984,0,0,0,2020,
41700,San Antonio-New Braunfels,2015,2379357,0,0,0,2020,
41700,San Antonio-New Braunfels,2016,2426051,0,0,0,2020,
41700,San Antonio-New Braunfels,2017,2471603,0,0,0,2020,
41700,San Antonio-New Braunfels,2018,2512526,0,0,0,2020,
41700,San Antonio-New Braunfels,2019,2550147,0,0,0,2020,
41700,San Antonio-New Braunfels,2020,2568935,0,0,0,2024,VINTAGE_MISMATCH
41700,San Antonio-New Braunfels,2021,2605783,0,0,0,2024,
41700,San Antonio-New Braunfels,2022,2660228,0,0,0,2024,
41700,San Antonio-New Braunfels,2023,2715709,0,0,0,2024,
41700,San Antonio-New Braunfels,2024,2647139,7582,9084,12546,2024,
41740,San Diego-Chula Vista-Carlsbad,2010,3103260,0,0,0,2020,
41740,San Diego-Chula Vista-Carlsbad,2011,3137236,0,0,0,2020,
41740,San Diego-Chula Vista-Carlsbad,2012,3175148,0,0,0,2020,
41740,San Diego-Chula Vista-Carlsbad,2013,3210788,0,0,0,2020,
41740,San Diego-Chula Vista-Carlsbad,2014,3249307,0,0,0,2020,
41740,San Diego-Chula Vista-Carlsbad,2015,3280825,0,0,0,2020,
41740,San Diego-Chula Vista-Carlsbad,2016,3305462,0,0,0,2020,
41740,San Diego-Chula Vista-Carlsbad,2017,3319019,0,0,0,2020,
41740,San Diego-Chula Vista-Carlsbad,2018,3332483,0,0,0,2020,
41740,San Diego-Chula Vista-Carlsbad,2019,3330459,0,0,0,2020,
41740,San Diego-Chula Vista-Carlsbad,2020,3301182,0,0,0,2024,VINTAGE_MISMATCH
41740,San Diego-Chula Vista-Carlsbad,2021,3274244,0,0,0,2024,
41740,San Diego-Chula Vista-Carlsbad,2022,3283755,0,0,0,2024,
41740,San Diego-Chula Vista-Carlsbad,2023,3285890,0,0,0,2024,
41740,San Diego-Chula Vista-Carlsbad,2024,3356402,-2590,10276,10312,2024,
41860,San Francisco-Oakland-Berkeley,2010,4343886,0,0,0,2020,
41860,San Francisco-Oakland-Berkeley,2011,4396273,0,0,0,2020,
41860,San Francisco-Oakland-Berkeley,2012,4455918,0,0,0,2020,
41860,San Francisco-Oakland-Berkeley,2013,4520028,0,0,0,2020,
41860,San Francisco-Oakland-Berkeley,2014,4585277,0,0,0,2020,
41860,San Francisco-Oakland-Berkeley,2015,4648164,0,0,0,2020,
41860,San Francisco-Oakland-Berkeley,2016,4688017,0,0,0,2020,
41860,San Francisco-Oakland-Berkeley,2017,4711551,0,0,0,2020,
41860,San Francisco-Oakland-Berkeley,2018,4725613,0,0,0,2020,
41860,San Francisco-Oakland-Berkeley,2019,4724016,0,0,0,2020,
41860,San Francisco-Oakland-Berkeley,2020,4745673,0,0,0,2024,VINTAGE_MISMATCH
41860,San Francisco-Oakland-Berkeley,2021,4621751,0,0,0,2024,
41860,San Francisco-Oakland-Berkeley,2022,4599793,0,0,0,2024,
41860,San Francisco-Oakland-Berkeley,2023,4609445,0,0,0,2024,
41860,San Francisco-Oakland-Berkeley,2024,4540928,-4231,16409,19868,2024,
42660,Seattle-Tacoma-Bellevue,2010,3449355,0,0,0,2020,
42660,Seattle-Tacoma-Bellevue,2011,3504376,0,0,0,2020,
42660,Seattle-Tacoma-Bellevue,2012,3559719,0,0,0,2020,
42660,Seattle-Tacoma-Bellevue,2013,3613596,0,0,0,2020,
42660,Seattle-Tacoma-Bellevue,2014,3676765,0,0,0,2020,
42660,Seattle-Tacoma-Bellevue,2015,3741711,0,0,0,2020,
42660,Seattle-Tacoma-Bellevue,2016,3819753,0,0,0,2020,
42660,Seattle-Tacoma-Bellevue,2017,3888807,0,0,0,2020,
42660,Seattle-Tacoma-Bellevue,2018,3937546,0,0,0,2020,
42660,Seattle-Tacoma-Bellevue,2019,3977785,0,0,0,2020,
42660,Seattle-Tacoma-Bellevue,2020,4027979,0,0,0,2024,VINTAGE_MISMATCH
42660,Seattle-Tacoma-Bellevue,2021,4017215,0,0,0,2024,
42660,Seattle-Tacoma-Bellevue,2022,4040080,0,0,0,2024,
42660,Seattle-Tacoma-Bellevue,2023,4078828,0,0,0,2024,
42660,Seattle-Tacoma-Bellevue,2024,4059479,5376,9987,19870,2024,
45300,Tampa-St. Petersburg-Clearwater,2010,2788433,0,0,0,2020,
45300,Tampa-St. Petersburg-Clearwater,2011,2813619,0,0,0,2020,
45300,Tampa-St. Petersburg-Clearwater,2012,2844256,0,0,0,2020,
45300,Tampa-St. Petersburg-Clearwater,2013,2881451,0,0,0,2020,
45300,Tampa-St. Petersburg-Clearwater,2014,2928605,0,0,0,2020,
45300,Tampa-St. Petersburg-Clearwater,2015,2985475,0,0,0,2020,
45300,Tampa-St. Petersburg-Clearwater,2016,3051607,0,0,0,2020,
45300,Tampa-St. Petersburg-Clearwater,2017,3110278,0,0,0,2020,
45300,Tampa-St. Petersburg-Clearwater,2018,3158674,0,0,0,2020,
45300,Tampa-St. Petersburg-Clearwater,2019,3200120,0,0,0,2020,
45300,Tampa-St. Petersburg-Clearwater,2020,3187970,0,0,0,2024,VINTAGE_MISMATCH
45300,Tampa-St. Petersburg-Clearwater,2021,3230564,0,0,0,2024,
45300,Tampa-St. Petersburg-Clearwater,2022,3306285,0,0,0,2024,
45300,Tampa-St. Petersburg-Clearwater,2023,3374078,0,0,0,2024,
45300,Tampa-St. Petersburg-Clearwater,2024,3366040,17,14686,12442,2024,
46060,Tucson,2010,981649,0,0,0,2020,
46060,Tucson,2011,988500,0,0,0,2020,
46060,Tucson,2012,993231,0,0,0,2020,
46060,Tucson,2013,997374,0,0,0,2020,
46060,Tucson,2014,1004521,0,0,0,2020,
46060,Tucson,2015,1009490,0,0,0,2020,
46060,Tucson,2016,1017083,0,0,0,2020,
46060,Tucson,2017,1027115,0,0,0,2020,
46060,Tucson,2018,1037746,0,0,0,2020,
46060,Tucson,2019,1049261,0,0,0,2020,
46060,Tucson,2020,1045227,0,0,0,2024,VINTAGE_MISMATCH
46060,Tucson,2021,1049083,0,0,0,2024,
46060,Tucson,2022,1059412,0,0,0,2024,
46060,Tucson,2023,1068579,0,0,0,2024,
46060,Tucson,2024,1051833,-2422,847,5889,2024,
47260,Virginia Beach-Norfolk-Newport News,2010,1696934,0,0,0,2020,
47260,Virginia Beach-Norfolk-Newport News,2011,1703397,0,0,0,2020,
47260,Virginia Beach-Norfolk-Newport News,2012,1714622,0,0,0,2020,
47260,Virginia Beach-Norfolk-Newport News,2013,1722204,0,0,0,2020,
47260,Virginia Beach-Norfolk-Newport News,2014,1732283,0,0,0,2020,
47260,Virginia Beach-Norfolk-Newport News,2015,1737971,0,0,0,2020,
47260,Virginia Beach-Norfolk-Newport News,2016,1741210,0,0,0,2020,
47260,Virginia Beach-Norfolk-Newport News,2017,1743906,0,0,0,2020,
47260,Virginia Beach-Norfolk-Newport News,2018,1747634,0,0,0,2020,
47260,Virginia Beach-Norfolk-Newport News,2019,1754367,0,0,0,2020,
47260,Virginia Beach-Norfolk-Newport News,2020,1781773,0,0,0,2024,VINTAGE_MISMATCH
47260,Virginia Beach-Norfolk-Newport News,2021,1785817,0,0,0,2024,
47260,Virginia Beach-Norfolk-Newport News,2022,1785895,0,0,0,2024,
47260,Virginia Beach-Norfolk-Newport News,2023,1788412,0,0,0,2024,
47260,Virginia Beach-Norfolk-Newport News,2024,1830837,-8326,4236,6193,2024,
47900,Washington-Arlington-Alexandria,2010,5576445,0,0,0,2020,
47900,Washington-Arlington-Alexandria,2011,5681264,0,0,0,2020,
47900,Washington-Arlington-Alexandria,2012,5778448,0,0,0,2020,
47900,Washington-Arlington-Alexandria,2013,5862980,0,0,0,2020,
47900,Washington-Arlington-Alexandria,2014,5932759,0,0,0,2020,
47900,Washington-Arlington-Alexandria,2015,5995567,0,0,0,2020,
47900,Washington-Arlington-Alexandria,2016,6051146,0,0,0,2020,
47900,Washington-Arlington-Alexandria,2017,6113081,0,0,0,2020,
47900,Washington-Arlington-Alexandria,2018,6150983,0,0,0,2020,
47900,Washington-Arlington-Alexandria,2019,6191581,0,0,0,2020,
47900,Washington-Arlington-Alexandria,2020,6260475,0,0,0,2024,VINTAGE_MISMATCH
47900,Washington-Arlington-Alexandria,2021,6259238,0,0,0,2024,
47900,Washington-Arlington-Alexandria,2022,6289810,0,0,0,2024,
47900,Washington-Arlington-Alexandria,2023,6345881,0,0,0,2024,
47900,Washington-Arlington-Alexandria,2024,6415696,-21792,26202,27012,2024,
